pdb,chain,auth_idx,mutation,mut_prob,model_prob,wt_prob,mut_logit,wt_logit,logit_A,logit_C,logit_D,logit_E,logit_F,logit_G,logit_H,logit_I,logit_K,logit_L,logit_M,logit_N,logit_P,logit_Q,logit_R,logit_S,logit_T,logit_V,logit_W,logit_Y
6vpcE,E,5,E5M,0.1572265625,0.1572265625,0.07611083984375,0.86767578125,0.141845703125,0.2064208984375,-3.443359375,-0.4052734375,0.141845703125,-1.43359375,-1.78125,-0.448974609375,-1.0595703125,0.1317138671875,0.08453369140625,0.86767578125,-0.4287109375,-0.383544921875,-0.407958984375,-0.2060546875,0.33056640625,0.1072998046875,-0.62744140625,-3.6796875,-1.681640625
6vpcE,E,6,F6L,0.1951904296875,0.1951904296875,0.0162811279296875,1.1181640625,-1.3662109375,-0.209228515625,-2.611328125,0.37939453125,0.2333984375,-1.3662109375,-4.34375,-0.446533203125,-2.970703125,0.45556640625,1.1181640625,0.5849609375,-0.1837158203125,-6.04296875,0.304931640625,0.147216796875,-0.39208984375,-1.015625,-2.607421875,-2.830078125,-1.8759765625
6vpcE,E,7,S7D,0.410888671875,0.410888671875,0.092041015625,2.76171875,1.265625,-1.017578125,-1.2373046875,2.76171875,-0.0023193359375,-4.7734375,-2.94140625,-2.14453125,-2.591796875,-0.497314453125,-2.326171875,-2.5234375,2.32421875,-5.7734375,-0.90234375,-0.81494140625,1.265625,1.6630859375,-2.27734375,-5.8515625,-4.26171875
6vpcE,E,8,H8D,0.501953125,0.501953125,0.04705810546875,2.341796875,-0.0250244140625,-0.215576171875,-4.7109375,2.341796875,0.798828125,-0.78369140625,-6.34765625,-0.0250244140625,-4.7734375,-0.798828125,-2.30859375,-2.216796875,0.81982421875,-6.2890625,-0.437255859375,-0.70556640625,-1.001953125,-1.4013671875,-4.30078125,-2.02734375,0.015960693359375
6vpcE,E,9,E9E,0.0,0.3203125,0.3203125,1.8505859375,1.8505859375,0.1395263671875,-3.3515625,-0.310791015625,1.8505859375,-3.46484375,-5.2890625,-1.525390625,-5.1796875,0.84375,-0.02899169921875,-2.62890625,-0.93212890625,-7.65234375,-0.071044921875,1.18359375,0.18505859375,0.7197265625,-4.34765625,-3.642578125,-2.58203125
6vpcE,E,10,Y10Y,0.0,0.42529296875,0.42529296875,2.734375,2.734375,0.1771240234375,-4.22265625,-0.008270263671875,-0.537109375,2.3125,-4.34765625,0.8154296875,-6.26171875,-1.962890625,-3.7109375,-3.267578125,-2.150390625,-8.8984375,-1.55078125,-1.5771484375,-0.29931640625,0.1419677734375,-5.59375,1.1025390625,2.734375
6vpcE,E,11,W11Y,0.76513671875,0.76513671875,0.02679443359375,5.33203125,1.98046875,-3.255859375,-4.78125,-3.666015625,-2.75,3.94921875,-8.7734375,-0.1630859375,-4.76171875,-1.7666015625,0.865234375,-1.208984375,-2.744140625,-9.34375,-2.240234375,-1.263671875,-3.66015625,-3.224609375,-5.30859375,1.98046875,5.33203125
6vpcE,E,12,M12M,0.0,0.93408203125,0.93408203125,3.990234375,3.990234375,0.468505859375,-3.5078125,-4.75390625,-4.17578125,-1.556640625,-7.078125,-3.05859375,-5.5703125,-3.24609375,-2.33984375,3.990234375,-3.771484375,-9.234375,0.21142578125,-2.8125,-1.14453125,-3.115234375,-6.9375,-7.015625,-2.58984375
6vpcE,E,13,R13R,0.0,0.25244140625,0.25244140625,1.6748046875,1.6748046875,-2.623046875,-3.494140625,-0.74755859375,1.0751953125,-3.21875,-6.59765625,-1.123046875,-7.26953125,1.421875,0.8134765625,-0.59765625,1.02734375,-10.3984375,0.50439453125,1.6748046875,-1.849609375,-1.3779296875,-6.953125,-4.65625,-2.2578125
6vpcE,E,14,H14L,0.564453125,0.564453125,0.020751953125,2.37890625,-0.9248046875,-2.521484375,-5.92578125,-2.775390625,-0.37890625,-1.1904296875,-7.8359375,-0.9248046875,-5.62890625,0.53125,2.37890625,0.0230712890625,-4.47265625,-12.6640625,-0.415283203125,0.72216796875,-3.240234375,-1.515625,-6.74609375,-2.09375,-0.0489501953125
6vpcE,E,15,A15T,0.8857421875,0.8857421875,0.067138671875,4.6015625,2.021484375,2.021484375,0.0465087890625,-1.029296875,-2.9921875,-6.8203125,-5.72265625,-6.49609375,-6.94140625,-6.82421875,-5.41796875,-3.63671875,-1.9814453125,-6.72265625,-4.671875,-5.65234375,1.224609375,4.6015625,-1.4765625,-9.5390625,-6.59375
6vpcE,E,16,L16L,0.0,0.8935546875,0.8935546875,3.455078125,3.455078125,-3.068359375,-4.9296875,-2.052734375,-1.8671875,0.1322021484375,-6.84375,-1.5517578125,-4.71875,-4.484375,3.455078125,0.3828125,-2.693359375,-12.5546875,-1.916015625,-2.47265625,-4.05859375,-2.65625,-7.953125,-4.15234375,-1.6953125
6vpcE,E,17,T17E,0.1934814453125,0.1934814453125,0.047607421875,1.408203125,0.005615234375,1.302734375,-4.1171875,0.958984375,1.408203125,-3.166015625,-3.97265625,-1.4697265625,-6.98828125,0.8037109375,-0.82373046875,-2.521484375,-0.470703125,-8.8515625,0.7333984375,0.91455078125,0.30712890625,0.005615234375,-6.21484375,-3.45703125,-2.455078125
6vpcE,E,18,L18L,0.0,0.92333984375,0.92333984375,4.046875,4.046875,-3.0859375,-4.01171875,-4.41015625,-2.912109375,-0.43994140625,-6.6328125,-2.00390625,-3.646484375,-4.421875,4.046875,0.97607421875,-4.359375,-11.4921875,-2.599609375,-3.322265625,-4.7578125,-4.734375,-6.78125,-1.8681640625,-0.1788330078125
6vpcE,E,19,A19A,0.0,0.62451171875,0.62451171875,6.5078125,6.5078125,6.5078125,-3.365234375,-1.7412109375,-3.1953125,-5.06640625,-1.19140625,-4.66015625,-9.9296875,-5.9765625,-6.796875,-4.3984375,-1.2041015625,-6.96484375,-3.80078125,-4.16015625,5.99609375,-3.7265625,-8.625,-6.4765625,-6.3125
6vpcE,E,20,K20R,0.50341796875,0.50341796875,0.21630859375,2.75,1.9052734375,-1.10546875,-3.400390625,-1.9833984375,1.0234375,-3.353515625,-6.33203125,-1.125,-6.40234375,1.9052734375,0.701171875,-2.11328125,-1.5439453125,-10.9296875,0.82421875,2.75,-2.263671875,-1.6484375,-6.109375,-3.17578125,-2.341796875
6vpcE,E,21,R21E,0.1746826171875,0.1746826171875,0.133056640625,1.255859375,0.98388671875,0.8076171875,-4.64453125,0.275390625,1.255859375,-1.8974609375,-6.0859375,-1.05859375,-4.9453125,1.0263671875,-0.155029296875,-1.517578125,-0.53955078125,-9.4609375,1.2509765625,0.98388671875,-0.1773681640625,-0.389404296875,-5.0390625,-1.9765625,-1.4404296875
6vpcE,E,22,A22A,0.0,0.9189453125,0.9189453125,3.908203125,3.908203125,3.908203125,-3.140625,-2.37109375,-0.7626953125,-4.1328125,-5.17578125,-4.52734375,-5.55859375,-2.390625,-1.3720703125,-2.310546875,-2.328125,-7.453125,-0.634765625,-1.232421875,0.8095703125,-2.41796875,-3.630859375,-4.8125,-4.03515625
6vpcE,E,23,R23W,0.619140625,0.619140625,0.034881591796875,2.646484375,-0.230224609375,0.98486328125,-3.59375,-3.3671875,-1.107421875,-2.396484375,-6.34765625,-2.80078125,-4.81640625,-1.11328125,-0.17529296875,0.63525390625,-3.005859375,-9.6484375,0.07232666015625,-0.230224609375,-1.1591796875,-3.244140625,-5.02734375,2.646484375,-2.24609375
6vpcE,E,24,D24A,0.2249755859375,0.2249755859375,0.097900390625,1.591796875,0.759765625,1.591796875,-3.564453125,0.759765625,0.70263671875,-1.701171875,-4.5703125,-1.109375,-4.94921875,1.2568359375,-0.86767578125,-1.69140625,0.053253173828125,-8.0546875,0.66015625,1.001953125,0.45458984375,-0.5693359375,-4.57421875,-2.833984375,-1.8212890625
6vpcE,E,25,E25E,0.0,0.3896484375,0.3896484375,2.302734375,2.302734375,-0.5634765625,-3.30859375,1.298828125,2.302734375,-1.923828125,-3.78125,-1.0390625,-6.9140625,0.43359375,-0.10809326171875,0.144287109375,0.2100830078125,-9.7578125,1.326171875,0.342041015625,-0.791015625,-3.8203125,-7.09765625,-1.30078125,-2.169921875
6vpcE,E,26,R26K,0.32080078125,0.32080078125,0.1551513671875,2.0546875,1.328125,-1.826171875,-2.53515625,0.68505859375,0.35546875,-2.52734375,-3.60546875,-0.40087890625,-2.26171875,2.0546875,-1.4814453125,-2.53515625,1.455078125,-10.0234375,0.7587890625,1.328125,-0.470703125,-0.859375,-1.009765625,-4.32421875,-2.767578125
6vpcE,E,27,E27E,0.0,0.87353515625,0.87353515625,3.74609375,3.74609375,-1.06640625,-1.447265625,-2.591796875,3.74609375,-3.17578125,-4.08203125,0.17431640625,-9.1640625,-3.96484375,-2.88671875,-1.732421875,-0.8720703125,-10.34375,1.0693359375,-1.5947265625,-1.193359375,-3.478515625,-7.6875,-3.537109375,-2.447265625
6vpcE,E,28,V28I,0.6748046875,0.6748046875,0.27587890625,4.08203125,3.1875,-4.73046875,-3.783203125,-1.5419921875,-2.060546875,0.49609375,-7.953125,-1.193359375,4.08203125,-3.30859375,-1.404296875,-2.77734375,-0.67138671875,-7.8828125,-3.03125,-2.177734375,-4.52734375,-1.701171875,3.1875,-2.669921875,-0.28564453125
6vpcE,E,29,P29P,0.0,1.0,1.0,23.28125,23.28125,-4.7421875,-9.4375,-7.04296875,-14.9453125,-17.25,7.15625,-10.125,-12.3515625,-11.203125,-10.671875,-19.5625,-12.4453125,23.28125,-13.1484375,-9.5859375,-3.208984375,-9.5390625,-5.8359375,-15.4765625,-21.328125
6vpcE,E,30,V30V,0.0,0.310302734375,0.310302734375,1.23828125,1.23828125,-3.51171875,-4.50390625,-0.105224609375,-0.4892578125,-1.197265625,-4.8125,-1.046875,1.0966796875,-1.30078125,-0.17822265625,-2.5390625,-1.021484375,-11.28125,-1.0390625,-0.92578125,-3.30078125,-3.228515625,1.23828125,-4.828125,-2.57421875
6vpcE,E,31,G31G,0.0,0.98291015625,0.98291015625,7.16015625,7.16015625,2.87890625,-0.984375,-2.83203125,-2.982421875,-4.84765625,7.16015625,-4.25,-8.734375,-4.9765625,-7.0,-4.1484375,-2.119140625,-4.80078125,-3.3359375,-4.21484375,1.337890625,-5.05859375,-6.7109375,-5.921875,-4.76171875
6vpcE,E,32,A32A,0.0,0.88671875,0.88671875,5.578125,5.578125,5.578125,1.0732421875,-2.388671875,-4.5703125,-5.1953125,-1.9619140625,-4.62890625,-7.31640625,-6.2734375,-6.74609375,-3.1015625,-2.72265625,-7.28125,-4.15234375,-6.09375,3.4140625,-2.076171875,-3.486328125,-9.2421875,-6.89453125
6vpcE,E,33,V33V,0.0,0.75927734375,0.75927734375,6.40234375,6.40234375,-3.22265625,-1.9931640625,-5.09765625,-6.0546875,-5.234375,-8.09375,-6.9453125,5.25,-6.07421875,-0.66650390625,-3.056640625,-4.4140625,-11.25,-6.19140625,-5.3828125,-5.44921875,-2.302734375,6.40234375,-4.7421875,-5.01171875
6vpcE,E,34,L34L,0.0,0.99853515625,0.99853515625,7.42578125,7.42578125,-5.54296875,-4.84765625,-6.19921875,-5.25,-0.65185546875,-8.765625,-4.5625,-1.896484375,-4.921875,7.42578125,-0.62109375,-5.4296875,-11.78125,-5.55859375,-5.3046875,-7.1953125,-7.41796875,-2.45703125,-5.3515625,-0.0133514404296875
6vpcE,E,35,V35V,0.0,0.92041015625,0.92041015625,5.921875,5.921875,-1.703125,-2.28515625,-5.625,-2.08203125,-4.7734375,-7.9375,-4.25,3.322265625,-2.4296875,-2.68359375,-2.93359375,-5.03125,-10.234375,-2.875,-3.115234375,-2.037109375,1.2666015625,5.921875,-5.34375,-4.12109375
6vpcE,E,36,L36K,0.87255859375,0.87255859375,0.00019085407257080078,5.1640625,-3.263671875,-0.748046875,-3.669921875,-4.57421875,-1.2353515625,-7.28125,-5.1875,-2.43359375,-1.6708984375,5.1640625,-3.263671875,-0.397216796875,-3.513671875,-8.828125,2.1328125,2.6640625,-0.99462890625,-0.9794921875,-1.6865234375,-5.6953125,-6.58203125
6vpcE,E,37,N37N,0.0,0.42138671875,0.42138671875,3.482421875,3.482421875,-0.42236328125,-3.126953125,3.3984375,1.02734375,-1.3203125,-2.455078125,1.291015625,-7.015625,1.03125,-2.572265625,-3.4140625,3.482421875,-8.90625,-0.19580078125,0.485107421875,0.34716796875,-3.390625,-5.703125,-3.1328125,-0.8515625
6vpcE,E,38,N38N,0.0,0.247802734375,0.247802734375,2.12890625,2.12890625,-0.98974609375,-3.474609375,2.029296875,1.576171875,-2.013671875,-3.263671875,0.2744140625,-4.87890625,1.31640625,-1.8349609375,-2.755859375,2.12890625,-7.79296875,0.787109375,0.93115234375,0.77392578125,-1.8671875,-3.55078125,-3.65625,-2.2109375
6vpcE,E,39,R39K,0.311767578125,0.311767578125,0.1480712890625,2.52734375,1.783203125,-1.30859375,-2.982421875,-1.48828125,2.208984375,-4.21875,-4.7890625,-1.509765625,-1.3388671875,2.52734375,-1.509765625,-1.796875,-0.6396484375,-9.0859375,1.8017578125,1.783203125,-0.869140625,1.1669921875,-0.10845947265625,-4.8515625,-3.8046875
6vpcE,E,40,V40I,0.63037109375,0.63037109375,0.341552734375,4.7421875,4.12890625,-3.1796875,-2.953125,-5.3046875,-1.7197265625,-4.9765625,-6.46875,-5.11328125,4.7421875,-1.1748046875,0.4365234375,-1.568359375,-4.75390625,-6.9296875,-2.6640625,-1.3251953125,-3.859375,0.853515625,4.12890625,-6.203125,-4.93359375
6vpcE,E,41,I41I,0.0,0.6103515625,0.6103515625,5.71875,5.71875,-5.609375,-4.140625,-6.796875,-3.8828125,-2.0390625,-8.609375,-4.453125,5.71875,-3.169921875,2.123046875,-0.233642578125,-5.64453125,-10.4609375,-3.619140625,-2.431640625,-6.04296875,-1.4501953125,5.21875,-3.18359375,-2.015625
6vpcE,E,42,G42G,0.0,0.99853515625,0.99853515625,9.3125,9.3125,2.708984375,-1.759765625,-6.40625,-5.48046875,-4.69921875,9.3125,-6.1640625,-7.62890625,-6.8125,-5.23828125,-3.796875,-3.37109375,-5.2265625,-4.75,-5.73828125,1.2509765625,-4.7265625,-6.08984375,-6.7265625,-4.38671875
6vpcE,E,43,E43E,0.0,0.261962890625,0.261962890625,2.21484375,2.21484375,-2.916015625,-2.166015625,-6.45703125,2.21484375,-6.60546875,-6.265625,-5.68359375,-1.5078125,2.158203125,0.95654296875,1.3359375,-4.74609375,-9.4296875,1.8037109375,1.1083984375,-3.232421875,-0.19140625,-0.96826171875,-7.46875,-7.22265625
6vpcE,E,44,G44G,0.0,1.0,1.0,10.40625,10.40625,-0.5625,-2.091796875,-3.798828125,-3.494140625,-2.978515625,10.40625,-3.34375,-5.78125,-2.78125,-2.958984375,-4.515625,-2.837890625,-6.7734375,-3.787109375,-2.119140625,-0.853515625,-6.421875,-5.19140625,-5.03125,-1.927734375
6vpcE,E,45,W45T,0.47705078125,0.47705078125,0.00118255615234375,2.48046875,-3.51953125,-0.4287109375,-2.111328125,-5.625,-3.27734375,-4.3125,-4.2578125,-5.046875,-0.69287109375,-4.15234375,-4.03515625,-0.4443359375,-4.06640625,-6.375,-2.13671875,-2.3984375,-0.740234375,2.48046875,2.333984375,-3.51953125,-4.125
6vpcE,E,46,N46N,0.0,0.462646484375,0.462646484375,1.5185546875,1.5185546875,-1.802734375,-0.712890625,-0.67138671875,0.01318359375,-1.0166015625,-7.36328125,0.0445556640625,-4.0546875,-2.94921875,-1.994140625,-3.49609375,1.5185546875,-10.828125,-1.4150390625,-2.271484375,-1.615234375,-2.2421875,-3.091796875,-2.28125,-0.38623046875
6vpcE,E,47,R47K,0.3720703125,0.3720703125,0.35302734375,2.08984375,2.037109375,-2.486328125,-0.9833984375,-2.158203125,-0.90771484375,-3.9609375,-4.5,-2.28515625,-1.25,2.08984375,-1.033203125,-0.609375,-1.6435546875,-8.4375,0.2088623046875,2.037109375,-2.6015625,0.58251953125,-0.9892578125,-5.3203125,-4.42578125
6vpcE,E,48,A48A,0.0,0.254638671875,0.254638671875,0.96826171875,0.96826171875,0.96826171875,-1.783203125,0.41650390625,-0.83544921875,-1.8349609375,-5.515625,-1.69140625,-3.462890625,-0.640625,-2.07421875,-1.732421875,-1.1005859375,-4.00390625,-0.9248046875,-0.005859375,0.7578125,-1.2431640625,-2.728515625,-3.234375,-2.212890625
6vpcE,E,49,I49I,0.0,0.6201171875,0.6201171875,3.619140625,3.619140625,-2.30078125,-3.9296875,-2.544921875,-1.3056640625,-0.55517578125,-6.25,-2.1015625,3.619140625,-0.2734375,-0.40625,-1.642578125,-2.30078125,-6.52734375,-1.01171875,-0.0311279296875,-2.912109375,-1.19140625,2.84375,-1.43359375,-0.1561279296875
6vpcE,E,50,G50G,0.0,0.9951171875,0.9951171875,7.32421875,7.32421875,0.08807373046875,-3.130859375,-1.6806640625,-0.91845703125,-4.75,7.32421875,-1.77734375,-4.265625,0.0772705078125,-1.291015625,-3.037109375,-1.53125,-3.384765625,-0.27490234375,-0.2841796875,0.72265625,-2.427734375,-4.13671875,-5.3671875,-5.0859375
6vpcE,E,51,L51T,0.6962890625,0.6962890625,0.055877685546875,2.99609375,0.473388671875,-1.7890625,-3.125,-3.8515625,-1.0068359375,-1.603515625,-7.50390625,-0.61474609375,-3.4453125,0.1729736328125,0.473388671875,-0.6005859375,-1.1689453125,-10.203125,-0.332275390625,0.248046875,0.35546875,2.99609375,-2.193359375,-3.546875,-2.021484375
6vpcE,E,52,H52N,0.315673828125,0.315673828125,0.0782470703125,1.4716796875,0.07666015625,0.369140625,-1.9345703125,0.14697265625,-1.5390625,-0.30126953125,-2.42578125,0.07666015625,-4.046875,-0.75390625,-0.5576171875,-1.93359375,1.4716796875,-8.6328125,-0.5478515625,-0.189453125,0.37451171875,-1.953125,-3.59375,-2.28515625,-1.4580078125
6vpcE,E,53,D53N,0.56689453125,0.56689453125,0.405029296875,4.359375,4.0234375,-1.59765625,-1.6279296875,4.0234375,-0.62060546875,-2.150390625,-6.46484375,-0.18603515625,-3.482421875,-1.37109375,-2.541015625,-2.373046875,4.359375,-9.3515625,-1.232421875,-0.86083984375,-0.64208984375,-2.87109375,-3.87109375,-2.3125,-2.064453125
6vpcE,E,54,P54P,0.0,1.0,1.0,9.8125,9.8125,-2.50390625,-5.66796875,-1.47265625,-3.609375,-3.625,-3.02734375,-3.109375,-3.177734375,-2.60546875,-3.26171875,-6.51171875,-3.234375,9.8125,-4.59375,-2.48046875,-1.6796875,-0.9462890625,-0.9970703125,-4.5234375,-5.96875
6vpcE,E,55,T55T,0.0,0.17138671875,0.17138671875,0.69921875,0.69921875,-1.119140625,-2.42578125,0.4033203125,-0.81689453125,-0.619140625,-5.05078125,-1.40234375,-2.134765625,-0.089111328125,0.400146484375,-0.5849609375,0.0625,-7.52734375,-0.703125,-0.277099609375,-0.46630859375,0.69921875,-1.8876953125,-2.716796875,-1.0849609375
6vpcE,E,56,A56A,0.0,0.37451171875,0.37451171875,1.197265625,1.197265625,1.197265625,-0.9443359375,-0.7607421875,-0.0677490234375,-1.3505859375,-4.6015625,-0.68603515625,-8.90625,-1.009765625,-3.30078125,-1.900390625,-0.8505859375,-10.25,-1.1767578125,-0.80126953125,-1.1982421875,-6.38671875,-6.86328125,-2.345703125,-0.1875
6vpcE,E,57,H57T,0.66748046875,0.66748046875,0.0174560546875,3.40234375,-0.24169921875,-3.361328125,-1.9677734375,-3.080078125,-4.70703125,-2.380859375,-3.78515625,-0.24169921875,-6.03125,-1.01171875,-0.2392578125,-2.748046875,-3.4140625,-10.8515625,-3.263671875,-2.501953125,2.517578125,3.40234375,-6.28125,-4.3515625,-2.853515625
6vpcE,E,58,A58A,0.0,0.93408203125,0.93408203125,6.265625,6.265625,6.265625,-1.0439453125,2.3359375,-0.4609375,-5.25,-1.5712890625,-0.96337890625,-10.890625,-5.0,-7.6875,-5.1875,-0.66455078125,-6.578125,-2.615234375,-5.3125,3.19921875,-6.51953125,-8.4609375,-5.75,-4.80859375
6vpcE,E,59,E59E,0.0,0.81591796875,0.81591796875,3.267578125,3.267578125,-2.361328125,-0.08563232421875,-0.34521484375,3.267578125,-5.68359375,-6.8359375,-3.8828125,-0.74951171875,-6.3125,-3.779296875,-2.357421875,-2.197265625,-10.0234375,-1.1806640625,-5.47265625,-1.5322265625,0.7431640625,-0.1688232421875,-6.765625,-5.0234375
6vpcE,E,60,I60I,0.0,0.94287109375,0.94287109375,7.6015625,7.6015625,-5.59765625,-6.08203125,-4.890625,-3.7890625,-2.458984375,-7.5390625,-2.44140625,7.6015625,-2.765625,-2.576171875,-1.46875,-2.56640625,-10.3984375,-3.361328125,-1.873046875,-5.95703125,-2.56640625,4.79296875,-7.796875,-3.837890625
6vpcE,E,61,M61T,0.329833984375,0.329833984375,0.03179931640625,2.099609375,-0.2393798828125,-0.64404296875,-4.22265625,-0.3798828125,2.078125,-2.98046875,-6.20703125,-1.724609375,-3.265625,-1.30859375,-1.4130859375,-0.2393798828125,-1.4658203125,-9.2265625,1.1572265625,-0.6328125,0.58154296875,2.099609375,-3.921875,-4.5859375,-3.380859375
6vpcE,E,62,A62A,0.0,0.99169921875,0.99169921875,7.17578125,7.17578125,7.17578125,0.468505859375,-5.06640625,-4.52734375,-6.78125,-4.0,-7.98046875,-7.83203125,-6.203125,-4.8359375,-4.31640625,-5.0078125,-5.953125,-5.015625,-6.9375,2.11328125,-0.15625,-2.57421875,-8.7578125,-7.3515625
6vpcE,E,63,L63L,0.0,0.9951171875,0.9951171875,7.4140625,7.4140625,-5.97265625,-4.57421875,-8.2109375,-5.51953125,-3.35546875,-9.21875,-5.76953125,2.1015625,-6.40625,7.4140625,-3.541015625,-5.43359375,-11.1796875,-4.8984375,-5.86328125,-7.59765625,-4.5390625,-2.3828125,-8.5234375,-5.25
6vpcE,E,64,R64R,0.0,0.261962890625,0.261962890625,1.443359375,1.443359375,-0.3544921875,-2.2421875,-1.0537109375,-0.1297607421875,-1.7353515625,-4.94921875,-0.67724609375,-4.015625,0.779296875,1.029296875,-0.84033203125,0.31787109375,-9.484375,0.348388671875,1.443359375,-1.21875,-0.939453125,-4.0546875,-2.45703125,-1.650390625
6vpcE,E,65,Q65Q,0.0,0.5302734375,0.5302734375,2.98828125,2.98828125,-0.41796875,-3.826171875,-2.205078125,2.06640625,-3.96484375,-4.69140625,-1.998046875,-3.3125,0.9326171875,-0.18994140625,0.97314453125,-1.5947265625,-9.1953125,2.98828125,0.2919921875,-1.6064453125,-0.1123046875,-3.962890625,-4.4140625,-4.1953125
6vpcE,E,66,G66G,0.0,0.99951171875,0.99951171875,9.640625,9.640625,1.2890625,-1.5,-4.69140625,-5.0625,-3.66796875,9.640625,-4.83203125,-5.5703125,-6.28125,-3.93359375,-2.318359375,-5.53125,-4.59375,-5.4609375,-6.15234375,-1.130859375,-2.224609375,-3.345703125,-3.994140625,-3.068359375
6vpcE,E,67,G67G,0.0,0.99755859375,0.99755859375,8.0625,8.0625,-2.919921875,-1.2314453125,-4.16796875,-2.59765625,-5.33984375,8.0625,-3.01953125,-4.3671875,0.442626953125,-3.76171875,-0.03826904296875,-1.4560546875,-5.26953125,-0.442626953125,0.9443359375,-0.78076171875,-3.591796875,-5.2890625,-7.203125,-5.9140625
6vpcE,E,68,L68A,0.1729736328125,0.1729736328125,0.05706787109375,1.107421875,-0.001220703125,1.107421875,-3.9375,0.024688720703125,0.896484375,-1.1171875,-5.10546875,-0.9775390625,-4.34375,0.8896484375,-0.001220703125,-0.83447265625,-0.2008056640625,-8.4453125,0.44189453125,0.7783203125,0.25634765625,-1.3369140625,-4.6015625,-3.21875,-1.4619140625
6vpcE,E,69,V69V,0.0,0.79931640625,0.79931640625,7.21484375,7.21484375,-3.810546875,-5.4609375,-5.55078125,-2.275390625,-2.74609375,-9.34375,-2.52734375,5.82421875,-0.31103515625,-1.7880859375,-2.1796875,-3.134765625,-10.0390625,-1.671875,-0.319580078125,-4.54296875,-0.7822265625,7.21484375,-5.8046875,-2.96875
6vpcE,E,70,M70L,0.7255859375,0.7255859375,0.1373291015625,2.82421875,1.16015625,-2.671875,-4.1171875,-2.646484375,-0.5458984375,-0.193603515625,-6.671875,-3.1875,-3.087890625,-1.7333984375,2.82421875,1.16015625,-2.98046875,-10.28125,-1.890625,-1.0732421875,-1.6435546875,-1.703125,-4.65625,-2.60546875,-1.0166015625
6vpcE,E,71,Q71K,0.41552734375,0.41552734375,0.1328125,2.771484375,1.630859375,-1.0078125,-1.8935546875,-0.014312744140625,1.59375,-3.1875,-1.771484375,0.329833984375,-3.962890625,2.771484375,-1.642578125,-2.0078125,1.294921875,-9.2265625,1.630859375,1.4677734375,-0.2822265625,-1.98828125,-2.615234375,-5.1015625,-3.349609375
6vpcE,E,72,N72N,0.0,0.59130859375,0.59130859375,4.10546875,4.10546875,-1.76171875,-0.302978515625,3.400390625,-1.3798828125,-2.96875,-3.849609375,-0.282470703125,-5.671875,-1.04296875,-3.59765625,-3.845703125,4.10546875,-10.53125,-1.962890625,-0.7138671875,2.134765625,-1.2333984375,-5.19140625,-2.8359375,-2.244140625
6vpcE,E,73,Y73K,0.2054443359375,0.2054443359375,0.01192474365234375,1.3447265625,-1.501953125,0.70703125,-3.953125,0.003662109375,0.94189453125,-1.205078125,-3.51171875,-0.1881103515625,-2.275390625,1.3447265625,-1.30859375,-2.513671875,-0.1595458984375,-3.359375,-0.260009765625,0.1669921875,1.08984375,0.180419921875,-1.416015625,-2.03125,-1.501953125
6vpcE,E,74,R74K,0.1912841796875,0.1912841796875,0.1591796875,0.99609375,0.8125,-0.95849609375,-2.0703125,0.39599609375,0.6103515625,-2.65234375,-4.30859375,-1.1640625,-1.0478515625,0.99609375,-0.85400390625,-3.248046875,0.155517578125,-8.453125,-0.708984375,0.8125,-0.0596923828125,-0.11328125,-0.68310546875,-4.4296875,-2.013671875
6vpcE,E,75,L75L,0.0,0.91796875,0.91796875,4.2890625,4.2890625,-5.9765625,-2.8046875,-5.67578125,-4.67578125,0.4765625,-9.296875,0.5263671875,-3.267578125,-1.07421875,4.2890625,0.76708984375,-3.623046875,-11.6015625,-1.6865234375,-2.271484375,-4.57421875,-7.1015625,-5.8671875,-3.845703125,-1.32421875
6vpcE,E,76,I76Y,0.2491455078125,0.2491455078125,0.07269287109375,1.439453125,0.2081298828125,-2.47265625,-3.478515625,-0.106689453125,-0.0946044921875,1.078125,-5.91796875,0.325927734375,0.2081298828125,-0.0069580078125,-0.9501953125,-3.02734375,-0.6728515625,-8.2578125,-1.5390625,-0.10540771484375,-1.4560546875,-0.275146484375,-0.0020751953125,-1.669921875,1.439453125
6vpcE,E,77,D77D,0.0,0.380859375,0.380859375,2.6171875,2.6171875,-0.59423828125,-2.7578125,2.6171875,0.98974609375,-1.2060546875,-4.96484375,-0.2744140625,-3.19921875,0.6884765625,-1.064453125,-1.685546875,2.3984375,-7.4921875,-0.0657958984375,0.372802734375,0.30712890625,-1.91796875,-2.884765625,-2.9765625,-1.142578125
6vpcE,E,78,A78S,0.71630859375,0.71630859375,0.037200927734375,3.271484375,0.314208984375,0.314208984375,2.09375,-4.48828125,-3.349609375,-3.0703125,-4.01953125,-1.2109375,-7.5546875,-7.44140625,-6.453125,-3.203125,-2.466796875,-8.7734375,-4.1953125,-6.828125,3.271484375,-1.2822265625,-6.14453125,-3.30859375,-2.412109375
6vpcE,E,79,T79T,0.0,0.57177734375,0.57177734375,2.162109375,2.162109375,-1.025390625,-1.7236328125,-1.9921875,-0.1270751953125,-3.51953125,-2.958984375,-2.05859375,-3.4296875,0.765625,-3.1015625,-1.76953125,-2.197265625,-9.3671875,-1.21875,0.08172607421875,-0.45849609375,2.162109375,-2.56640625,-2.998046875,-2.4140625
6vpcE,E,80,L80L,0.0,0.99951171875,0.99951171875,7.953125,7.953125,-3.619140625,-4.09375,-8.21875,-5.76953125,-3.34375,-7.33984375,-5.35546875,0.1966552734375,-7.1875,7.953125,-1.255859375,-6.12890625,-11.59375,-5.06640625,-7.54296875,-6.26171875,-6.015625,-1.166015625,-6.8125,-4.6953125
6vpcE,E,81,Y81Y,0.0,0.6337890625,0.6337890625,6.21875,6.21875,-4.21484375,-3.330078125,-5.82421875,-5.84765625,5.1171875,-6.6953125,-0.346435546875,-1.658203125,-5.3984375,-2.875,-2.677734375,-4.04296875,-9.6875,-6.00390625,-3.763671875,-4.2578125,-2.7421875,-1.4248046875,4.8046875,6.21875
6vpcE,E,82,V82V,0.0,0.7265625,0.7265625,3.73046875,3.73046875,-5.8046875,-0.830078125,-1.4345703125,-3.41796875,-4.7109375,-9.6015625,-3.2890625,2.552734375,-5.234375,-5.09765625,-3.580078125,-0.6640625,-11.8203125,-2.6171875,-5.01953125,-3.865234375,0.3662109375,3.73046875,-8.1484375,-5.32421875
6vpcE,E,83,T83N,0.99951171875,0.99951171875,2.467632293701172e-05,9.21875,-1.390625,-6.16015625,-2.4296875,1.185546875,-4.7109375,-10.1953125,-4.3125,-5.23828125,-1.318359375,-10.0,-3.439453125,-5.1015625,9.21875,-9.796875,-4.53515625,-6.29296875,-2.982421875,-1.390625,-4.390625,-7.546875,-8.8125
6vpcE,E,84,F84Y,0.36669921875,0.36669921875,0.1697998046875,1.4716796875,0.7021484375,-4.1015625,-2.80859375,-0.05804443359375,-1.326171875,0.7021484375,-6.40234375,-0.26220703125,-0.16357421875,-1.5703125,-1.03515625,-3.46875,-1.80859375,-11.421875,-2.068359375,-1.6923828125,-3.28125,-2.791015625,-0.61474609375,-0.1126708984375,1.4716796875
6vpcE,E,85,E85E,0.0,0.98828125,0.98828125,6.97265625,6.97265625,0.630859375,-2.544921875,0.58056640625,6.97265625,-8.1484375,-7.33203125,-5.58203125,-5.70703125,-4.46875,-5.37109375,-1.11328125,-2.666015625,-8.5234375,2.041015625,-4.2734375,-0.37158203125,-2.865234375,-5.2421875,-9.0078125,-5.671875
6vpcE,E,86,P86P,0.0,1.0,1.0,15.0,15.0,-5.5625,-5.26171875,-6.765625,-10.546875,-8.0859375,0.623046875,-6.4609375,-6.359375,-7.87109375,-5.109375,-11.9140625,-9.46875,15.0,-9.0390625,-6.91796875,-5.54296875,-6.41015625,-2.2890625,-8.6640625,-12.0546875
6vpcE,E,87,C87C,0.0,0.751953125,0.751953125,3.7265625,3.7265625,-3.216796875,3.7265625,0.45849609375,-3.109375,-1.953125,-3.126953125,-1.22265625,-3.392578125,-2.689453125,-3.98046875,-2.578125,1.234375,-9.1015625,-2.958984375,-2.8828125,1.4384765625,1.25,-3.486328125,-4.0078125,-3.02734375
6vpcE,E,88,V88V,0.0,0.63916015625,0.63916015625,4.4453125,4.4453125,-3.080078125,-5.00390625,-2.091796875,-1.861328125,-0.52783203125,-6.98828125,-1.931640625,3.7890625,-1.923828125,-0.6171875,-3.1328125,-2.099609375,-9.421875,-2.931640625,-0.984375,-2.994140625,-1.0439453125,4.4453125,-2.626953125,0.0968017578125
6vpcE,E,89,M89M,0.0,0.272705078125,0.272705078125,1.35546875,1.35546875,0.3125,-4.875,-2.345703125,-2.642578125,0.78369140625,-3.859375,-1.9443359375,-2.751953125,-1.869140625,0.84228515625,1.35546875,-2.203125,-6.59765625,-1.865234375,-0.302001953125,-0.60595703125,-0.439208984375,-2.484375,-3.6015625,0.4736328125
6vpcE,E,90,C90E,0.5615234375,0.5615234375,0.1593017578125,3.4921875,2.232421875,1.71875,2.232421875,0.943359375,3.4921875,-6.828125,-5.37890625,-3.2734375,-7.25,-6.83984375,-5.1484375,-1.0166015625,-0.5615234375,-9.984375,1.3115234375,-5.953125,1.220703125,-2.48046875,-6.33203125,-6.1484375,-6.5078125
6vpcE,E,91,A91C,0.86865234375,0.86865234375,0.079833984375,5.08984375,2.703125,2.703125,5.08984375,-4.12890625,-2.798828125,-10.4765625,-3.353515625,-8.1875,-10.421875,-6.34765625,-5.0234375,-0.01776123046875,-2.09765625,-8.03125,-1.5341796875,-5.28515625,2.095703125,-2.73046875,-8.734375,-9.9140625,-10.7734375
6vpcE,E,92,G92G,0.0,1.0,1.0,11.0625,11.0625,-5.3671875,-3.701171875,-3.19140625,-3.697265625,-1.7724609375,11.0625,-0.66650390625,-2.87890625,-2.400390625,-1.7783203125,-4.4921875,-0.5625,-6.5546875,-2.751953125,-1.8759765625,-3.189453125,-5.203125,-3.244140625,-4.21875,-2.154296875
6vpcE,E,93,A93A,0.0,0.439453125,0.439453125,2.0546875,2.0546875,2.0546875,-0.391357421875,-1.025390625,-0.0428466796875,-2.8359375,-4.1875,-0.178466796875,-6.859375,-1.2734375,-1.685546875,-1.416015625,0.73388671875,-9.5,-0.267578125,0.221923828125,0.67041015625,-2.81640625,-6.68359375,-2.94140625,-1.7373046875
6vpcE,E,94,M94C,0.8056640625,0.8056640625,0.07403564453125,2.509765625,0.1226806640625,-0.0692138671875,2.509765625,-5.66015625,-1.82421875,-3.73828125,-3.123046875,-2.80078125,-4.2265625,-6.91015625,-1.953125,0.1226806640625,-2.83984375,-10.0859375,-1.439453125,-6.45703125,-2.26953125,-5.2734375,-5.73046875,-4.1640625,-3.708984375
6vpcE,E,95,I95V,0.70458984375,0.70458984375,0.19189453125,3.490234375,2.189453125,-4.2265625,-1.8154296875,-4.92578125,-4.015625,-3.400390625,-8.6796875,-2.091796875,2.189453125,0.27685546875,0.58349609375,-1.97265625,-3.060546875,-10.71875,-2.30078125,-0.36376953125,-3.759765625,-1.9609375,3.490234375,-2.427734375,-2.31640625
6vpcE,E,96,H96A,0.2091064453125,0.2091064453125,0.034332275390625,1.11328125,-0.69287109375,1.11328125,-2.560546875,0.1842041015625,-0.0491943359375,-1.3544921875,-4.5546875,-0.69287109375,-3.8515625,0.25732421875,0.576171875,-0.102783203125,-0.8349609375,-8.9921875,-0.298828125,0.7763671875,-0.64794921875,-1.7890625,-3.775390625,-1.9423828125,-1.1552734375
6vpcE,E,97,S97A,0.88818359375,0.88818359375,0.1090087890625,6.078125,3.98046875,6.078125,-0.8984375,-2.783203125,-4.39453125,-1.9951171875,-1.1142578125,-1.966796875,-8.875,-5.45703125,-6.58984375,-3.794921875,-2.748046875,-6.6171875,-4.265625,-4.40234375,3.98046875,-3.00390625,-7.74609375,-3.04296875,-2.939453125
6vpcE,E,98,R98R,0.0,0.77978515625,0.77978515625,4.359375,4.359375,-3.310546875,-2.294921875,-3.380859375,-0.0528564453125,-3.1328125,-3.548828125,-0.25439453125,-4.64453125,2.84375,-0.209716796875,-2.58203125,-0.495361328125,-13.5,0.112548828125,4.359375,-2.103515625,-3.15234375,-3.59765625,-5.921875,-2.3203125
6vpcE,E,99,I99I,0.0,0.9599609375,0.9599609375,10.5234375,10.5234375,-4.56640625,-2.90234375,-8.5078125,-6.6484375,-4.91796875,-9.1640625,-8.5078125,10.5234375,-8.2890625,0.06585693359375,-1.724609375,-7.71484375,-8.7890625,-6.63671875,-8.2890625,-7.01953125,-1.380859375,7.34765625,-8.1171875,-5.96484375
6vpcE,E,100,G100G,0.0,0.99951171875,0.99951171875,9.125,9.125,-1.671875,-4.26171875,0.0821533203125,-0.63720703125,-3.2734375,9.125,-1.8193359375,-3.705078125,-0.6318359375,-2.5625,-3.796875,-0.1444091796875,-3.740234375,-1.3798828125,-1.36328125,-0.34375,-3.072265625,-2.845703125,-4.453125,-3.015625
6vpcE,E,101,R101R,0.0,0.374755859375,0.374755859375,2.59765625,2.59765625,-0.17431640625,-2.177734375,-2.490234375,1.830078125,-6.96484375,-4.2578125,-4.3203125,-1.5302734375,2.03125,-1.19140625,-1.138671875,-2.693359375,-11.3515625,1.1884765625,2.59765625,0.82958984375,-0.9228515625,-0.51904296875,-5.7109375,-6.234375
6vpcE,E,102,V102V,0.0,0.826171875,0.826171875,4.01953125,4.01953125,-1.130859375,-1.9716796875,-5.88671875,-4.1328125,-2.400390625,-7.61328125,-4.09375,2.0234375,-6.65625,1.1171875,-1.431640625,-6.03125,-9.7578125,-4.94921875,-6.2890625,-3.935546875,-2.11328125,4.01953125,-3.376953125,-2.40625
6vpcE,E,103,V103V,0.0,0.537109375,0.537109375,2.357421875,2.357421875,-1.6640625,-0.5576171875,-3.751953125,-1.869140625,-3.275390625,-7.609375,-2.125,1.7197265625,-2.4609375,-0.482177734375,-1.5390625,-2.666015625,-10.3203125,-1.1884765625,-1.1240234375,-1.541015625,-0.9501953125,2.357421875,-1.802734375,-3.392578125
6vpcE,E,104,F104Y,0.69775390625,0.69775390625,0.278564453125,5.68359375,4.765625,-1.458984375,-1.97265625,-2.693359375,-5.25,4.765625,-4.19140625,1.818359375,-6.515625,-5.8203125,-4.96484375,-5.12890625,-3.126953125,-8.2578125,-5.859375,-4.0703125,-0.791015625,-2.314453125,-4.375,1.0244140625,5.68359375
6vpcE,E,105,G105G,0.0,0.78271484375,0.78271484375,5.40625,5.40625,2.337890625,-1.4560546875,-2.982421875,-3.8984375,-5.91796875,5.40625,-3.08984375,-7.46484375,-4.5078125,-4.51171875,-4.3359375,-1.5087890625,-4.65625,-1.31640625,-2.01953125,3.919921875,-3.208984375,-6.28515625,-5.46875,-6.7109375
6vpcE,E,106,V106V,0.0,0.7626953125,0.7626953125,3.419921875,3.419921875,-2.10546875,-1.84375,-2.55078125,-2.083984375,-3.744140625,-7.96484375,-1.5322265625,1.6591796875,-0.73828125,-1.7314453125,-2.314453125,-1.900390625,-7.94140625,-1.0205078125,0.54248046875,-3.212890625,-1.048828125,3.419921875,-2.869140625,-2.36328125
6vpcE,E,107,R107K,0.26318359375,0.26318359375,0.1953125,1.580078125,1.28125,0.282470703125,-2.810546875,-0.1685791015625,0.61376953125,-2.306640625,-2.568359375,-1.7705078125,-3.265625,1.580078125,-0.293701171875,-2.32421875,0.0804443359375,-2.771484375,-0.116943359375,1.28125,0.52587890625,-0.468017578125,-2.189453125,-2.615234375,-1.982421875
6vpcE,E,108,N108D,0.61865234375,0.61865234375,0.2451171875,3.037109375,2.111328125,-1.015625,-0.1719970703125,3.037109375,-1.6650390625,-1.033203125,-5.05078125,-1.083984375,-5.26953125,-3.4453125,-4.08203125,-3.28515625,2.111328125,-8.359375,-2.4453125,-1.2890625,0.31591796875,-3.82421875,-5.19140625,-1.5927734375,-0.837890625
6vpcE,E,109,S109K,0.2496337890625,0.2496337890625,0.082763671875,1.529296875,0.4248046875,1.158203125,-3.9921875,-0.2042236328125,0.57080078125,-1.8466796875,-4.57421875,-0.83447265625,-2.669921875,1.529296875,-1.2822265625,-2.490234375,-0.209228515625,-2.76953125,-0.57421875,0.69482421875,0.4248046875,0.381103515625,-1.0732421875,-2.19140625,-1.8232421875
6vpcE,E,110,K110E,0.1444091796875,0.1444091796875,0.08795166015625,0.81103515625,0.31494140625,0.2352294921875,-3.595703125,0.79833984375,0.81103515625,-0.74462890625,-3.44140625,-0.5400390625,-3.998046875,0.31494140625,0.1207275390625,-2.072265625,-0.4482421875,-6.8359375,-0.014892578125,0.5126953125,-0.00189208984375,0.00244140625,-3.408203125,-1.9287109375,-0.493408203125
6vpcE,E,111,R111Y,0.2403564453125,0.2403564453125,0.08404541015625,1.166015625,0.115234375,-0.94384765625,-2.08203125,-1.921875,-1.08203125,0.853515625,-4.81640625,-0.0174560546875,-3.6875,-0.625,0.029022216796875,-2.4140625,-0.80908203125,-9.21875,-1.2978515625,0.115234375,-0.5791015625,-0.296630859375,-3.234375,-0.057861328125,1.166015625
6vpcE,E,112,G112G,0.0,1.0,1.0,10.1015625,10.1015625,-1.873046875,-0.13671875,-3.716796875,-3.875,-4.10546875,10.1015625,-4.984375,-2.658203125,-3.46484375,-3.376953125,-4.5546875,-2.228515625,-3.205078125,-3.771484375,-2.55078125,-1.017578125,-2.77734375,-1.421875,-5.6640625,-3.369140625
6vpcE,E,113,A113A,0.0,0.97021484375,0.97021484375,5.51953125,5.51953125,5.51953125,-0.8525390625,-3.021484375,-4.66796875,0.76318359375,-3.5,-1.2978515625,-8.1015625,-4.6640625,-4.8046875,-3.8203125,-2.6328125,-6.7890625,-3.94921875,-4.57421875,1.0712890625,-6.40234375,-7.64453125,0.057861328125,-0.42919921875
6vpcE,E,114,A114A,0.0,0.81494140625,0.81494140625,3.080078125,3.080078125,3.080078125,1.0,-3.49609375,-4.28515625,-3.0390625,-2.61328125,-4.5390625,-5.46484375,-6.875,-1.3310546875,-1.796875,-0.728515625,-7.99609375,-3.775390625,-6.19140625,-0.0689697265625,-1.970703125,-4.4453125,-5.71875,-3.998046875
6vpcE,E,115,G115G,0.0,1.0,1.0,17.390625,17.390625,-4.01953125,-6.109375,-2.69140625,-6.28515625,-5.953125,17.390625,-5.94140625,-5.296875,-5.875,-6.3203125,-7.72265625,-3.484375,0.09716796875,-5.6875,-3.92578125,-1.296875,-4.58203125,-0.958984375,-11.40625,-8.328125
6vpcE,E,116,S116S,0.0,0.99072265625,0.99072265625,8.375,8.375,3.537109375,0.6767578125,-0.049163818359375,-3.056640625,-5.96875,-1.4892578125,-2.41015625,-7.83203125,-5.58203125,-7.59765625,-3.685546875,-1.224609375,-4.625,-2.474609375,-4.6328125,8.375,1.09765625,-5.97265625,-7.125,-6.296875
6vpcE,E,117,L117K,0.56298828125,0.56298828125,0.0997314453125,2.953125,1.22265625,0.7685546875,-3.423828125,-3.482421875,-3.78515625,-1.6591796875,-6.32421875,-2.09375,-5.8125,2.953125,1.22265625,-0.153564453125,-1.767578125,-10.9453125,-1.822265625,1.9091796875,-0.4755859375,-3.302734375,-5.0546875,-2.865234375,-1.341796875
6vpcE,E,118,M118T,0.69580078125,0.69580078125,0.128173828125,3.14453125,1.453125,-1.470703125,-0.7216796875,-3.685546875,0.267333984375,-9.5078125,-5.875,-7.33984375,-1.6435546875,-0.94921875,-0.94140625,1.453125,-4.19140625,-10.734375,0.634765625,-0.69189453125,-1.203125,3.14453125,-1.966796875,-9.5703125,-8.4765625
6vpcE,E,119,N119E,0.5517578125,0.5517578125,0.15478515625,2.685546875,1.4150390625,-1.5390625,-2.82421875,0.8251953125,2.685546875,-1.7421875,-3.03125,-2.35546875,-3.1015625,-0.826171875,-1.36328125,-0.94921875,1.4150390625,-8.3359375,-0.199462890625,-0.09844970703125,-0.32470703125,-0.128173828125,-1.771484375,-2.296875,-1.5810546875
6vpcE,E,120,V120V,0.0,0.56982421875,0.56982421875,4.73828125,4.73828125,-4.56640625,-1.15234375,-4.7109375,-2.1484375,-2.873046875,-8.59375,-3.38671875,4.390625,-3.99609375,-2.279296875,0.376708984375,-2.3359375,-9.6484375,-1.994140625,-2.091796875,-3.44140625,1.1123046875,4.73828125,-4.078125,-4.05859375
6vpcE,E,121,L121F,0.763671875,0.763671875,0.060302734375,5.03515625,2.49609375,-4.015625,-3.48828125,-5.421875,-5.7890625,5.03515625,-8.921875,-0.7392578125,-2.765625,-7.03125,2.49609375,-1.55078125,-4.51171875,-7.9921875,-5.62890625,-6.18359375,-5.15625,-3.72265625,-3.767578125,0.8701171875,3.470703125
6vpcE,E,122,N122N,0.0,0.3515625,0.3515625,2.134765625,2.134765625,-0.29638671875,-2.236328125,1.775390625,-0.728515625,-4.1484375,-3.62109375,-1.5791015625,-3.39453125,-0.828125,-1.09375,-3.033203125,2.134765625,-7.4921875,0.07183837890625,0.66650390625,1.099609375,0.0787353515625,-2.47265625,-3.759765625,-3.38671875
6vpcE,E,123,Y123H,0.91552734375,0.91552734375,0.00152587890625,4.59765625,-1.798828125,0.2509765625,-4.00390625,1.0087890625,-1.3271484375,-1.5068359375,-4.34765625,4.59765625,-3.994140625,-1.2138671875,-2.669921875,-3.76171875,0.8486328125,-8.8359375,-0.845703125,-1.072265625,-0.42724609375,-1.6669921875,-3.826171875,-2.470703125,-1.798828125
6vpcE,E,124,P124P,0.0,0.9990234375,0.9990234375,8.0546875,8.0546875,-2.6875,-5.1875,-0.83642578125,-2.423828125,-2.591796875,-0.884765625,-2.57421875,-3.427734375,-1.765625,-2.7109375,-6.11328125,-2.73046875,8.0546875,-4.09765625,-2.681640625,-1.0703125,-1.6376953125,-1.6962890625,-4.21875,-4.4375
6vpcE,E,125,G125G,0.0,1.0,1.0,9.578125,9.578125,-2.275390625,-3.578125,-0.845703125,-2.32421875,-2.853515625,9.578125,-2.1796875,-2.728515625,-1.919921875,-1.75390625,-4.29296875,-1.0361328125,-5.14453125,-2.318359375,-1.7099609375,-0.05859375,-1.029296875,-2.30859375,-4.5078125,-3.21875
6vpcE,E,126,M126Q,0.337890625,0.337890625,0.12420654296875,1.94921875,0.94873046875,0.59130859375,-2.890625,-3.271484375,0.137939453125,-5.33984375,-5.28515625,-3.46875,-7.0390625,0.2225341796875,-1.73828125,0.94873046875,0.135986328125,-9.1171875,1.94921875,1.1943359375,0.64501953125,-1.173828125,-5.265625,-7.46875,-5.7734375
6vpcE,E,127,N127D,0.421142578125,0.421142578125,0.1668701171875,2.251953125,1.326171875,-0.67822265625,-2.892578125,2.251953125,-0.25146484375,-1.078125,-3.80078125,-0.58203125,-3.232421875,-0.098876953125,-0.87548828125,-2.078125,1.326171875,-4.44140625,-0.8193359375,0.142333984375,0.5810546875,0.599609375,-2.5546875,-2.642578125,-1.650390625
6vpcE,E,128,H128Y,0.98388671875,0.98388671875,0.0020923614501953125,6.6328125,0.4794921875,-4.7421875,-4.46484375,-4.37109375,-4.4921875,2.26171875,-5.9140625,0.4794921875,-1.2587890625,-4.35546875,-3.537109375,-5.96484375,-1.830078125,-11.9296875,-5.328125,-1.3837890625,-4.0390625,-2.595703125,-0.7744140625,-3.822265625,6.6328125
6vpcE,E,129,R129R,0.0,0.31494140625,0.31494140625,1.6611328125,1.6611328125,-1.26953125,-3.044921875,-1.181640625,-0.71923828125,-1.0888671875,-5.21484375,-0.83837890625,-0.61328125,0.7158203125,-0.2421875,-2.044921875,-0.17138671875,-8.1953125,0.08050537109375,1.6611328125,0.71923828125,0.037841796875,-0.4609375,-3.375,-0.9765625
6vpcE,E,130,V130I,0.783203125,0.783203125,0.2166748046875,9.203125,7.91796875,-6.55078125,-3.28515625,-7.98828125,-6.81640625,-6.35546875,-9.3984375,-7.5,9.203125,-6.828125,-0.36328125,-2.119140625,-5.47265625,-9.2578125,-5.96875,-5.8828125,-7.34765625,-0.623046875,7.91796875,-6.5234375,-6.44921875
6vpcE,E,131,E131E,0.0,0.366455078125,0.366455078125,2.5,2.5,1.115234375,-3.4765625,1.33203125,2.5,-2.83203125,-4.47265625,-0.94921875,-5.62109375,1.49609375,-0.09100341796875,-2.529296875,0.1549072265625,-8.6875,1.2265625,0.69873046875,0.44287109375,-2.78515625,-4.51171875,-4.26953125,-3.24609375
6vpcE,E,132,I132I,0.0,0.53271484375,0.53271484375,4.65625,4.65625,-5.921875,-2.70703125,-3.681640625,-2.27734375,-4.9375,-7.9765625,-2.73046875,4.65625,0.260009765625,-0.189697265625,-2.90625,-2.67578125,-9.4765625,-1.841796875,0.693359375,-3.7890625,0.02978515625,4.4609375,-5.1796875,-4.3828125
6vpcE,E,133,T133R,0.18798828125,0.18798828125,0.0633544921875,1.0029296875,-0.08447265625,0.61181640625,-2.9453125,-0.62841796875,0.8486328125,-3.18359375,0.15234375,-1.2724609375,-2.57421875,0.468017578125,-1.912109375,-2.5078125,-1.662109375,-8.0546875,-0.5341796875,1.0029296875,0.35400390625,-0.08447265625,-0.9609375,-3.49609375,-2.451171875
6vpcE,E,134,E134K,0.171142578125,0.171142578125,0.06817626953125,0.9482421875,0.0279541015625,-2.625,-2.435546875,-0.970703125,0.0279541015625,-2.171875,-5.30078125,0.0885009765625,-0.544921875,0.9482421875,-3.75390625,-2.791015625,0.2293701171875,-7.5,0.184814453125,0.515625,0.0213623046875,0.50341796875,0.51806640625,-2.7890625,-0.67578125
6vpcE,E,135,G135G,0.0,1.0,1.0,15.15625,15.15625,-3.16015625,-6.1328125,-0.212890625,-3.90625,-5.29296875,15.15625,-3.90625,-5.78125,-3.744140625,-6.03125,-7.58203125,-1.7021484375,0.80078125,-4.203125,-2.95703125,-0.01171875,-3.94140625,-1.9931640625,-9.7265625,-6.72265625
6vpcE,E,136,I136V,0.52978515625,0.52978515625,0.29541015625,3.40234375,2.818359375,-3.548828125,-1.359375,-2.794921875,-2.6875,-0.294921875,-7.01953125,-0.79296875,2.818359375,-4.30859375,-2.1171875,-1.859375,-1.470703125,-8.3203125,-2.73828125,-3.814453125,-2.740234375,1.94921875,3.40234375,-2.716796875,-0.62255859375
6vpcE,E,137,L137L,0.0,0.806640625,0.806640625,3.099609375,3.099609375,-3.451171875,-2.4765625,-0.61181640625,-1.552734375,-3.931640625,-6.7578125,-2.8828125,0.105224609375,-2.048828125,3.099609375,0.60693359375,-1.27734375,-9.21875,-1.19140625,-1.5283203125,-1.5888671875,-2.208984375,-1.884765625,-6.3828125,-3.517578125
6vpcE,E,138,A138E,0.392333984375,0.392333984375,0.1119384765625,2.626953125,1.373046875,1.373046875,-1.5,0.6279296875,2.626953125,-5.2578125,-4.3828125,-3.625,-5.5390625,-0.7578125,-4.7578125,-3.421875,-0.00543212890625,-5.0234375,-0.188232421875,-0.517578125,2.021484375,1.5712890625,-4.0078125,-4.4453125,-4.39453125
6vpcE,E,139,D139E,0.305908203125,0.305908203125,0.21875,2.3828125,2.046875,0.68115234375,-4.8125,2.046875,2.3828125,-3.095703125,-4.15234375,-1.2998046875,-3.51953125,1.728515625,-1.5517578125,-3.138671875,-0.01776123046875,-6.32421875,0.7529296875,0.1632080078125,0.272216796875,1.0234375,-1.7978515625,-5.15625,-3.185546875
6vpcE,E,140,E140E,0.0,0.72509765625,0.72509765625,3.595703125,3.595703125,0.85546875,-5.2421875,0.1783447265625,3.595703125,-3.900390625,-6.64453125,-3.12109375,-4.9375,1.05078125,0.316162109375,-2.3359375,-2.3203125,-8.1953125,0.796875,0.642578125,-0.38037109375,-0.093505859375,-4.15625,-4.5234375,-3.49609375
6vpcE,E,141,C141V,0.259765625,0.259765625,0.1846923828125,0.73291015625,0.391357421875,0.67822265625,0.391357421875,-3.119140625,-2.794921875,-2.681640625,-7.453125,-4.28125,-2.412109375,-4.42578125,-4.8203125,-1.83203125,-1.876953125,-8.171875,-2.275390625,-2.689453125,-1.3037109375,0.0950927734375,0.73291015625,-1.2939453125,-2.990234375
6vpcE,E,142,A142K,0.27099609375,0.27099609375,0.17236328125,1.6904296875,1.23828125,1.23828125,-4.26953125,-1.216796875,0.34765625,-1.810546875,-6.265625,-1.3564453125,-6.04296875,1.6904296875,0.161865234375,-1.978515625,-1.2763671875,-9.5546875,0.2451171875,1.6044921875,-0.96923828125,-0.77734375,-5.15234375,-3.20703125,-1.35546875
6vpcE,E,143,A143A,0.0,0.19091796875,0.19091796875,1.66796875,1.66796875,1.66796875,-4.1171875,0.955078125,1.64453125,-4.3203125,-4.3203125,-1.9296875,-6.8203125,1.556640625,-0.39208984375,-2.5234375,0.3818359375,-9.8125,0.8349609375,1.0673828125,0.259765625,-0.007080078125,-6.09765625,-5.1875,-3.83203125
6vpcE,E,144,L144L,0.0,0.8955078125,0.8955078125,4.97265625,4.97265625,-2.521484375,-4.24609375,-5.0234375,-2.5546875,-2.99609375,-7.17578125,-3.45703125,-3.404296875,-3.513671875,4.97265625,2.755859375,-3.73046875,-12.2890625,-1.44921875,-1.806640625,-4.17578125,-1.333984375,-4.41796875,-4.1328125,-3.96875
6vpcE,E,145,L145F,0.4140625,0.4140625,0.222900390625,2.5078125,1.888671875,-1.40234375,-3.705078125,-2.962890625,-2.310546875,2.5078125,-7.328125,-0.83154296875,-4.38671875,-2.0234375,1.888671875,-0.6396484375,-1.8271484375,-10.5,-1.931640625,-0.2353515625,-2.70703125,-2.47265625,-6.0390625,-0.59228515625,2.005859375
6vpcE,E,146,C146E,0.17041015625,0.17041015625,0.0016050338745117188,1.2705078125,-3.39453125,0.6494140625,-3.39453125,1.1494140625,1.2705078125,-3.4140625,-4.92578125,-1.001953125,-6.72265625,0.8876953125,-0.1923828125,-2.255859375,1.1787109375,-8.015625,0.67578125,0.392578125,0.1533203125,-0.623046875,-6.2421875,-4.1015625,-2.998046875
6vpcE,E,147,D147E,0.1875,0.1875,0.08111572265625,1.41796875,0.580078125,1.25390625,-4.66796875,0.580078125,1.41796875,-2.384765625,-4.91796875,-1.013671875,-5.68359375,1.142578125,-0.52587890625,-2.841796875,-0.47509765625,-8.7734375,0.779296875,1.125,0.50146484375,-0.416259765625,-5.44140625,-3.37109375,-2.271484375
6vpcE,E,148,F148Y,0.69287109375,0.69287109375,0.23486328125,5.05859375,3.9765625,0.4775390625,-2.779296875,-3.484375,-4.26171875,3.9765625,-3.51171875,0.9169921875,-6.13671875,-3.421875,-3.884765625,-4.59765625,-2.642578125,-7.5078125,-3.58203125,-2.669921875,-1.005859375,-2.919921875,-4.859375,2.4375,5.05859375
6vpcE,E,149,Y149F,0.365478515625,0.365478515625,0.046905517578125,1.6865234375,-0.366455078125,-1.306640625,-2.263671875,-2.490234375,-1.0947265625,1.6865234375,-2.365234375,-0.65380859375,0.1180419921875,-0.8447265625,1.0244140625,-0.90478515625,-1.4306640625,-7.1484375,-0.7236328125,-0.54638671875,-1.87890625,-2.0,-0.3076171875,-1.5693359375,-0.366455078125
