pdb,chain,auth_idx,mutation,mut_prob,model_prob,wt_prob,mut_logit,wt_logit,logit_ratio
6vpcE,E,5,E5M,0.1444091796875,0.1444091796875,0.0679931640625,0.67041015625,-0.082763671875,1.0859375
6vpcE,E,6,F6L,0.2010498046875,0.2010498046875,0.00890350341796875,1.23828125,-1.87890625,4.49609375
6vpcE,E,7,S7D,0.4677734375,0.4677734375,0.143310546875,3.33984375,2.15625,1.7060546875
6vpcE,E,8,H8D,0.418701171875,0.418701171875,0.02081298828125,2.1796875,-0.82177734375,4.33203125
6vpcE,E,9,E9E,0.0,0.42431640625,0.42431640625,1.9892578125,1.9892578125,0.0
6vpcE,E,10,Y10Y,0.0,0.36474609375,0.36474609375,2.626953125,2.626953125,0.0
6vpcE,E,11,W11Y,0.74072265625,0.74072265625,0.031341552734375,5.16015625,1.9970703125,4.5625
6vpcE,E,12,M12M,0.0,0.63671875,0.63671875,2.97265625,2.97265625,0.0
6vpcE,E,13,R13R,0.0,0.2261962890625,0.2261962890625,1.6181640625,1.6181640625,0.0
6vpcE,E,14,H14L,0.216064453125,0.216064453125,0.04217529296875,1.08984375,-0.54345703125,2.357421875
6vpcE,E,15,A15T,0.77880859375,0.77880859375,0.09930419921875,3.8671875,1.8076171875,2.970703125
6vpcE,E,16,L16L,0.0,0.6767578125,0.6767578125,2.296875,2.296875,0.0
6vpcE,E,17,T17A,0.2191162109375,0.2191162109375,0.046600341796875,1.1884765625,-0.35986328125,2.234375
6vpcE,E,18,L18L,0.0,0.947265625,0.947265625,4.33203125,4.33203125,0.0
6vpcE,E,19,A19A,0.0,0.646484375,0.646484375,6.0703125,6.0703125,0.0
6vpcE,E,20,K20L,0.46435546875,0.46435546875,0.095458984375,2.205078125,0.623046875,2.28125
6vpcE,E,21,R21Q,0.160400390625,0.160400390625,0.06585693359375,0.7236328125,-0.166015625,1.2841796875
6vpcE,E,22,A22A,0.0,0.8466796875,0.8466796875,3.021484375,3.021484375,0.0
6vpcE,E,23,R23M,0.370849609375,0.370849609375,0.05059814453125,1.7431640625,-0.2489013671875,2.873046875
6vpcE,E,24,D24G,0.364501953125,0.364501953125,0.07501220703125,1.6630859375,0.081787109375,2.28125
6vpcE,E,25,E25L,0.1844482421875,0.1844482421875,0.1556396484375,1.0224609375,0.8525390625,0.24560546875
6vpcE,E,26,R26K,0.42138671875,0.42138671875,0.1722412109375,2.3984375,1.50390625,1.291015625
6vpcE,E,27,E27E,0.0,0.9375,0.9375,5.2109375,5.2109375,0.0
6vpcE,E,28,V28I,0.380859375,0.380859375,0.29541015625,1.927734375,1.673828125,0.3662109375
6vpcE,E,29,P29P,0.0,1.0,1.0,25.546875,25.546875,0.0
6vpcE,E,30,V30D,0.3388671875,0.3388671875,0.2088623046875,1.46875,0.98486328125,0.69775390625
6vpcE,E,31,G31G,0.0,0.9892578125,0.9892578125,7.40234375,7.40234375,0.0
6vpcE,E,32,A32A,0.0,0.94091796875,0.94091796875,6.203125,6.203125,0.0
6vpcE,E,33,V33V,0.0,0.798828125,0.798828125,4.62109375,4.62109375,0.0
6vpcE,E,34,L34L,0.0,0.99951171875,0.99951171875,8.140625,8.140625,0.0
6vpcE,E,35,V35V,0.0,0.9560546875,0.9560546875,5.90234375,5.90234375,0.0
6vpcE,E,36,L36K,0.79833984375,0.79833984375,8.89897346496582e-05,5.03515625,-4.06640625,13.1328125
6vpcE,E,37,N37D,0.445068359375,0.445068359375,0.3935546875,3.69921875,3.576171875,0.1773681640625
6vpcE,E,38,N38N,0.0,0.27587890625,0.27587890625,2.302734375,2.302734375,0.0
6vpcE,E,39,R39K,0.34033203125,0.34033203125,0.085205078125,2.857421875,1.47265625,1.998046875
6vpcE,E,40,V40I,0.487060546875,0.487060546875,0.3359375,3.048828125,2.677734375,0.5361328125
6vpcE,E,41,I41I,0.0,0.56787109375,0.56787109375,6.3984375,6.3984375,0.0
6vpcE,E,42,G42G,0.0,0.9990234375,0.9990234375,9.5625,9.5625,0.0
6vpcE,E,43,E43M,0.29541015625,0.29541015625,0.188720703125,1.8740234375,1.42578125,0.646484375
6vpcE,E,44,G44G,0.0,1.0,1.0,9.828125,9.828125,0.0
6vpcE,E,45,W45V,0.61328125,0.61328125,0.00021648406982421875,3.0,-4.94921875,11.46875
6vpcE,E,46,N46E,0.34033203125,0.34033203125,0.1739501953125,1.4775390625,0.80615234375,0.9677734375
6vpcE,E,47,R47R,0.0,0.26708984375,0.26708984375,1.4111328125,1.4111328125,0.0
6vpcE,E,48,A48A,0.0,0.486083984375,0.486083984375,2.16015625,2.16015625,0.0
6vpcE,E,49,I49R,0.1685791015625,0.1685791015625,0.1485595703125,0.84912109375,0.72265625,0.182373046875
6vpcE,E,50,G50G,0.0,0.99951171875,0.99951171875,8.90625,8.90625,0.0
6vpcE,E,51,L51T,0.87890625,0.87890625,0.01641845703125,3.9609375,-0.01934814453125,5.7421875
6vpcE,E,52,H52N,0.541015625,0.541015625,0.047515869140625,2.439453125,0.0064697265625,3.5078125
6vpcE,E,53,D53D,0.0,0.52001953125,0.52001953125,5.65234375,5.65234375,0.0
6vpcE,E,54,P54P,0.0,0.99072265625,0.99072265625,6.1640625,6.1640625,0.0
6vpcE,E,55,T55L,0.1832275390625,0.1832275390625,0.04083251953125,0.814453125,-0.6865234375,2.166015625
6vpcE,E,56,A56A,0.0,0.29345703125,0.29345703125,0.646484375,0.646484375,0.0
6vpcE,E,57,H57S,0.498291015625,0.498291015625,0.0004911422729492188,4.66796875,-2.25390625,9.984375
6vpcE,E,58,A58A,0.0,0.9609375,0.9609375,7.13671875,7.13671875,0.0
6vpcE,E,59,E59I,0.5087890625,0.5087890625,0.116943359375,2.5234375,1.0537109375,2.12109375
6vpcE,E,60,I60I,0.0,0.19873046875,0.19873046875,0.578125,0.578125,0.0
6vpcE,E,61,M61T,0.300048828125,0.300048828125,0.027587890625,1.5908203125,-0.79541015625,3.443359375
6vpcE,E,62,A62A,0.0,0.9892578125,0.9892578125,6.6171875,6.6171875,0.0
6vpcE,E,63,L63L,0.0,0.97509765625,0.97509765625,8.0234375,8.0234375,0.0
6vpcE,E,64,R64R,0.0,0.206298828125,0.206298828125,0.9619140625,0.9619140625,0.0
6vpcE,E,65,Q65Q,0.0,0.421630859375,0.421630859375,2.634765625,2.634765625,0.0
6vpcE,E,66,G66G,0.0,0.9521484375,0.9521484375,5.9921875,5.9921875,0.0
6vpcE,E,67,G67R,0.491943359375,0.491943359375,0.04296875,3.1640625,0.7265625,3.517578125
6vpcE,E,68,L68E,0.1878662109375,0.1878662109375,0.025787353515625,1.271484375,-0.7138671875,2.865234375
6vpcE,E,69,V69V,0.0,0.7939453125,0.7939453125,5.1171875,5.1171875,0.0
6vpcE,E,70,M70L,0.91064453125,0.91064453125,0.05596923828125,3.935546875,1.146484375,4.0234375
6vpcE,E,71,Q71K,0.4736328125,0.4736328125,0.1280517578125,3.091796875,1.7841796875,1.8876953125
6vpcE,E,72,N72D,0.401611328125,0.401611328125,0.36865234375,4.34765625,4.26171875,0.1241455078125
6vpcE,E,73,Y73E,0.2025146484375,0.2025146484375,0.00566864013671875,1.35546875,-2.220703125,5.16015625
6vpcE,E,74,R74D,0.2230224609375,0.2230224609375,0.07720947265625,1.115234375,0.054901123046875,1.5302734375
6vpcE,E,75,L75L,0.0,0.99853515625,0.99853515625,6.89453125,6.89453125,0.0
6vpcE,E,76,I76Y,0.1888427734375,0.1888427734375,0.0142669677734375,1.09375,-1.4892578125,3.7265625
6vpcE,E,77,D77D,0.0,0.52490234375,0.52490234375,3.25,3.25,0.0
6vpcE,E,78,A78S,0.72216796875,0.72216796875,0.10577392578125,3.6640625,1.7431640625,2.771484375
6vpcE,E,79,T79T,0.0,0.369384765625,0.369384765625,1.1103515625,1.1103515625,0.0
6vpcE,E,80,L80L,0.0,0.99462890625,0.99462890625,6.90234375,6.90234375,0.0
6vpcE,E,81,Y81W,0.5205078125,0.5205078125,0.32177734375,5.5859375,5.10546875,0.693359375
6vpcE,E,82,V82V,0.0,0.78955078125,0.78955078125,3.572265625,3.572265625,0.0
6vpcE,E,83,T83N,0.99951171875,0.99951171875,5.662441253662109e-06,9.359375,-2.72265625,inf
6vpcE,E,84,F84I,0.220947265625,0.220947265625,0.019134521484375,0.8369140625,-1.609375,3.529296875
6vpcE,E,85,E85E,0.0,0.87255859375,0.87255859375,5.53515625,5.53515625,0.0
6vpcE,E,86,P86P,0.0,1.0,1.0,14.7578125,14.7578125,0.0
6vpcE,E,87,C87T,0.61865234375,0.61865234375,0.09539794921875,4.1015625,2.232421875,2.697265625
6vpcE,E,88,V88V,0.0,0.50341796875,0.50341796875,2.84375,2.84375,0.0
6vpcE,E,89,M89L,0.137451171875,0.137451171875,0.0645751953125,0.2802734375,-0.47509765625,1.08984375
6vpcE,E,90,C90E,0.75390625,0.75390625,0.004688262939453125,4.58984375,-0.490234375,7.328125
6vpcE,E,91,A91C,0.861328125,0.861328125,0.06549072265625,4.81640625,2.240234375,3.716796875
6vpcE,E,92,G92G,0.0,0.90478515625,0.90478515625,4.51953125,4.51953125,0.0
6vpcE,E,93,A93N,0.277587890625,0.277587890625,0.051239013671875,1.4931640625,-0.1966552734375,2.4375
6vpcE,E,94,M94M,0.0,0.4765625,0.4765625,2.404296875,2.404296875,0.0
6vpcE,E,95,I95L,0.65185546875,0.65185546875,0.011260986328125,2.931640625,-1.126953125,5.85546875
6vpcE,E,96,H96R,0.15869140625,0.15869140625,0.019195556640625,0.84130859375,-1.271484375,3.046875
6vpcE,E,97,S97A,0.9697265625,0.9697265625,0.0282745361328125,7.62890625,4.09375,5.09765625
6vpcE,E,98,R98R,0.0,0.57861328125,0.57861328125,4.15234375,4.15234375,0.0
6vpcE,E,99,I99I,0.0,0.9541015625,0.9541015625,11.5390625,11.5390625,0.0
6vpcE,E,100,G100G,0.0,0.9990234375,0.9990234375,8.578125,8.578125,0.0
6vpcE,E,101,R101S,0.2293701171875,0.2293701171875,0.223876953125,1.734375,1.7099609375,0.0347900390625
6vpcE,E,102,V102V,0.0,0.7939453125,0.7939453125,2.79296875,2.79296875,0.0
6vpcE,E,103,V103V,0.0,0.3466796875,0.3466796875,1.5771484375,1.5771484375,0.0
6vpcE,E,104,F104Y,0.8544921875,0.8544921875,0.1156005859375,6.171875,4.171875,2.884765625
6vpcE,E,105,G105G,0.0,0.482177734375,0.482177734375,4.109375,4.109375,0.0
6vpcE,E,106,V106V,0.0,0.70703125,0.70703125,2.708984375,2.708984375,0.0
6vpcE,E,107,R107G,0.94921875,0.94921875,0.006916046142578125,4.6953125,-0.2266845703125,7.1015625
6vpcE,E,108,N108D,0.75732421875,0.75732421875,0.149169921875,3.765625,2.140625,2.34375
6vpcE,E,109,S109A,0.2464599609375,0.2464599609375,0.0797119140625,1.525390625,0.39697265625,1.62890625
6vpcE,E,110,K110E,0.2037353515625,0.2037353515625,0.081787109375,1.26171875,0.349365234375,1.31640625
6vpcE,E,111,R111Y,0.31201171875,0.31201171875,0.05902099609375,1.638671875,-0.02618408203125,2.40234375
6vpcE,E,112,G112G,0.0,1.0,1.0,14.3828125,14.3828125,0.0
6vpcE,E,113,A113A,0.0,0.98388671875,0.98388671875,6.078125,6.078125,0.0
6vpcE,E,114,A114A,0.0,0.873046875,0.873046875,3.119140625,3.119140625,0.0
6vpcE,E,115,G115G,0.0,1.0,1.0,14.0703125,14.0703125,0.0
6vpcE,E,116,S116S,0.0,0.90966796875,0.90966796875,4.9609375,4.9609375,0.0
6vpcE,E,117,L117K,0.77880859375,0.77880859375,0.014404296875,4.5625,0.572265625,5.7578125
6vpcE,E,118,M118T,0.6474609375,0.6474609375,0.034881591796875,3.03125,0.11041259765625,4.21484375
6vpcE,E,119,N119N,0.0,0.3330078125,0.3330078125,2.31640625,2.31640625,0.0
6vpcE,E,120,V120V,0.0,0.806640625,0.806640625,5.47265625,5.47265625,0.0
6vpcE,E,121,L121F,0.6611328125,0.6611328125,0.058929443359375,4.72265625,2.3046875,3.48828125
6vpcE,E,122,N122N,0.0,0.457275390625,0.457275390625,2.716796875,2.716796875,0.0
6vpcE,E,123,Y123H,0.759765625,0.759765625,0.0004017353057861328,4.08203125,-3.462890625,10.8828125
6vpcE,E,124,P124P,0.0,0.9990234375,0.9990234375,7.81640625,7.81640625,0.0
6vpcE,E,125,G125G,0.0,0.99267578125,0.99267578125,6.671875,6.671875,0.0
6vpcE,E,126,M126S,0.343994140625,0.343994140625,0.0040130615234375,2.140625,-2.310546875,6.421875
6vpcE,E,127,N127D,0.54150390625,0.54150390625,0.228759765625,3.0625,2.201171875,1.2431640625
6vpcE,E,128,H128Y,0.9833984375,0.9833984375,0.0021381378173828125,7.078125,0.947265625,8.84375
6vpcE,E,129,R129S,0.2161865234375,0.2161865234375,0.162353515625,1.3486328125,1.0625,0.41357421875
6vpcE,E,130,V130I,0.78271484375,0.78271484375,0.21728515625,9.5859375,8.3046875,1.8486328125
6vpcE,E,131,E131E,0.0,0.27734375,0.27734375,1.98828125,1.98828125,0.0
6vpcE,E,132,I132V,0.50390625,0.50390625,0.48095703125,4.94921875,4.90234375,0.06744384765625
6vpcE,E,133,T133G,0.63330078125,0.63330078125,0.01291656494140625,2.751953125,-1.140625,5.6171875
6vpcE,E,134,E134K,0.389892578125,0.389892578125,0.029754638671875,2.234375,-0.33837890625,3.7109375
6vpcE,E,135,G135G,0.0,1.0,1.0,13.84375,13.84375,0.0
6vpcE,E,136,I136V,0.460205078125,0.460205078125,0.35009765625,4.3203125,4.046875,0.39453125
6vpcE,E,137,L137L,0.0,0.8662109375,0.8662109375,3.376953125,3.376953125,0.0
6vpcE,E,138,A138E,0.52294921875,0.52294921875,0.0643310546875,3.013671875,0.91796875,3.0234375
6vpcE,E,139,D139E,0.335693359375,0.335693359375,0.1903076171875,2.54296875,1.9755859375,0.818359375
6vpcE,E,140,E140E,0.0,0.546875,0.546875,2.6015625,2.6015625,0.0
6vpcE,E,141,C141A,0.45361328125,0.45361328125,0.04656982421875,1.3974609375,-0.87890625,3.28515625
6vpcE,E,142,A142R,0.30419921875,0.30419921875,0.1007080078125,1.65625,0.55078125,1.595703125
6vpcE,E,143,A143E,0.2314453125,0.2314453125,0.1781005859375,1.7421875,1.48046875,0.378173828125
6vpcE,E,144,L144L,0.0,0.8544921875,0.8544921875,4.04296875,4.04296875,0.0
6vpcE,E,145,L145F,0.172119140625,0.172119140625,0.120361328125,0.78759765625,0.43017578125,0.515625
6vpcE,E,146,C146N,0.25390625,0.25390625,0.0016260147094726562,1.6484375,-3.40234375,7.28515625
6vpcE,E,147,D147A,0.318115234375,0.318115234375,0.045257568359375,1.7265625,-0.223388671875,2.8125
6vpcE,E,148,F148Y,0.70947265625,0.70947265625,0.2138671875,5.1953125,3.99609375,1.7294921875
6vpcE,E,149,Y149L,0.2108154296875,0.2108154296875,0.054107666015625,0.9697265625,-0.39013671875,1.9619140625
