pdb,chain,auth_idx,mutation,mut_prob,model_prob,wt_prob,mut_logit,wt_logit,prob_A,prob_C,prob_D,prob_E,prob_F,prob_G,prob_H,prob_I,prob_K,prob_L,prob_M,prob_N,prob_P,prob_Q,prob_R,prob_S,prob_T,prob_V,prob_W,prob_Y
6vpcE,E,5,E5M,0.1444091796875,0.1444091796875,0.0679931640625,0.67041015625,-0.082763671875,0.09637451171875,0.003620147705078125,0.05419921875,0.0679931640625,0.014404296875,0.0224151611328125,0.0309600830078125,0.032318115234375,0.056915283203125,0.0660400390625,0.1444091796875,0.04205322265625,0.06494140625,0.041168212890625,0.047760009765625,0.0721435546875,0.06768798828125,0.061614990234375,0.0016832351684570312,0.01136016845703125
6vpcE,E,6,F6L,0.2010498046875,0.2010498046875,0.00890350341796875,1.23828125,-1.87890625,0.061126708984375,0.0024967193603515625,0.140380859375,0.05328369140625,0.00890350341796875,0.000232696533203125,0.0150909423828125,0.0020580291748046875,0.08868408203125,0.2010498046875,0.1617431640625,0.0531005859375,0.00016248226165771484,0.0899658203125,0.05084228515625,0.03826904296875,0.02276611328125,0.0035495758056640625,0.0012006759643554688,0.00507354736328125
6vpcE,E,7,S7D,0.4677734375,0.4677734375,0.143310546875,3.33984375,2.15625,0.006839752197265625,0.0031986236572265625,0.4677734375,0.0120697021484375,9.226799011230469e-05,0.00835418701171875,0.0013742446899414062,0.00018787384033203125,0.007472991943359375,0.0016384124755859375,0.0006113052368164062,0.1522216796875,5.1140785217285156e-05,0.005764007568359375,0.005298614501953125,0.143310546875,0.1832275390625,0.0003635883331298828,2.1398067474365234e-05,0.00011801719665527344
6vpcE,E,8,H8D,0.418701171875,0.418701171875,0.02081298828125,2.1796875,-0.82177734375,0.0816650390625,0.00044465065002441406,0.418701171875,0.09515380859375,0.0069122314453125,0.0002200603485107422,0.02081298828125,0.00010561943054199219,0.031890869140625,0.00814056396484375,0.004436492919921875,0.1614990234375,0.00010037422180175781,0.036956787109375,0.05548095703125,0.03143310546875,0.016265869140625,0.0002244710922241211,0.0032215118408203125,0.0263519287109375
6vpcE,E,9,E9E,0.0,0.42431640625,0.42431640625,1.9892578125,1.9892578125,0.11016845703125,0.0005893707275390625,0.0308990478515625,0.42431640625,0.0028839111328125,0.0002815723419189453,0.006320953369140625,0.0024566650390625,0.06561279296875,0.05865478515625,0.002437591552734375,0.010528564453125,2.3126602172851562e-05,0.03765869140625,0.07843017578125,0.058746337890625,0.095458984375,0.00787353515625,0.001857757568359375,0.004848480224609375
6vpcE,E,10,Y10Y,0.0,0.36474609375,0.36474609375,2.626953125,2.626953125,0.02825927734375,0.00038361549377441406,0.042572021484375,0.01091766357421875,0.279052734375,0.0003192424774169922,0.03570556640625,1.329183578491211e-05,0.0010013580322265625,0.0002818107604980469,0.0007467269897460938,0.0014257431030273438,2.2649765014648438e-06,0.003101348876953125,0.002391815185546875,0.028594970703125,0.07427978515625,3.039836883544922e-05,0.1260986328125,0.36474609375
6vpcE,E,11,W11Y,0.74072265625,0.74072265625,0.031341552734375,5.16015625,1.9970703125,0.0002765655517578125,5.310773849487305e-05,0.00013959407806396484,0.00016260147094726562,0.212158203125,8.344650268554688e-07,0.005039215087890625,3.2961368560791016e-05,0.0010976791381835938,0.005229949951171875,0.000843048095703125,0.00035309791564941406,8.344650268554688e-07,0.0006532669067382812,0.0014848709106445312,0.00017380714416503906,0.00022363662719726562,4.488229751586914e-05,0.031341552734375,0.74072265625
6vpcE,E,12,M12M,0.0,0.63671875,0.63671875,2.97265625,2.97265625,0.22021484375,0.0011167526245117188,0.0003001689910888672,0.00032830238342285156,0.005718231201171875,0.000705718994140625,0.0013608932495117188,2.3305416107177734e-05,0.0016832351684570312,0.0010995864868164062,0.63671875,0.0004987716674804688,1.329183578491211e-05,0.0276336669921875,0.003757476806640625,0.0941162109375,0.0022430419921875,2.1755695343017578e-05,1.5437602996826172e-05,0.0023746490478515625
6vpcE,E,13,R13R,0.0,0.2261962890625,0.2261962890625,1.6181640625,1.6181640625,0.0027294158935546875,0.002288818359375,0.019317626953125,0.1712646484375,0.0011053085327148438,0.00012946128845214844,0.00843048095703125,0.00016045570373535156,0.141845703125,0.15869140625,0.04022216796875,0.11810302734375,1.9669532775878906e-06,0.0989990234375,0.2261962890625,0.0038051605224609375,0.004688262939453125,0.00025534629821777344,0.00023996829986572266,0.00173187255859375
6vpcE,E,14,H14L,0.216064453125,0.216064453125,0.04217529296875,1.08984375,-0.54345703125,0.004364013671875,0.0004203319549560547,0.00983428955078125,0.08587646484375,0.0760498046875,0.0006585121154785156,0.04217529296875,0.0012254714965820312,0.0987548828125,0.216064453125,0.05987548828125,0.0023040771484375,5.364418029785156e-07,0.08746337890625,0.10675048828125,0.00341796875,0.01541900634765625,0.0004837512969970703,0.005825042724609375,0.18310546875
6vpcE,E,15,A15T,0.77880859375,0.77880859375,0.09930419921875,3.8671875,1.8076171875,0.09930419921875,0.0287017822265625,0.003963470458984375,0.0006146430969238281,1.0728836059570312e-05,0.00015294551849365234,1.1563301086425781e-05,0.0001653432846069336,1.1265277862548828e-05,0.00012290477752685547,0.0005445480346679688,0.0031147003173828125,1.9550323486328125e-05,9.989738464355469e-05,5.161762237548828e-05,0.0216522216796875,0.77880859375,0.0628662109375,4.76837158203125e-07,1.4126300811767578e-05
6vpcE,E,16,L16L,0.0,0.6767578125,0.6767578125,2.296875,2.296875,0.005138397216796875,0.0002892017364501953,0.0207672119140625,0.01666259765625,0.0408935546875,0.0029392242431640625,0.0171356201171875,0.0015459060668945312,0.0010957717895507812,0.6767578125,0.14453125,0.01218414306640625,1.1920928955078125e-06,0.025726318359375,0.01031494140625,0.0026760101318359375,0.00687408447265625,8.034706115722656e-05,0.0007414817810058594,0.0134735107421875
6vpcE,E,17,T17A,0.2191162109375,0.2191162109375,0.046600341796875,1.1884765625,-0.35986328125,0.2191162109375,0.0027027130126953125,0.103759765625,0.1431884765625,0.00457000732421875,0.0323486328125,0.0087432861328125,0.0007219314575195312,0.045166015625,0.0528564453125,0.020416259765625,0.054351806640625,1.6033649444580078e-05,0.08929443359375,0.0860595703125,0.08160400390625,0.046600341796875,0.0008673667907714844,0.0025997161865234375,0.0050506591796875
6vpcE,E,18,L18L,0.0,0.947265625,0.947265625,4.33203125,4.33203125,0.000579833984375,0.00020432472229003906,0.000240325927734375,0.0006184577941894531,0.004962921142578125,0.00015485286712646484,0.0004930496215820312,0.0008306503295898438,0.0006017684936523438,0.947265625,0.029693603515625,0.000240325927734375,5.960464477539062e-07,0.0015306472778320312,0.0009393692016601562,0.0002034902572631836,0.00026226043701171875,6.479024887084961e-05,0.0008978843688964844,0.01044464111328125
6vpcE,E,19,A19A,0.0,0.646484375,0.646484375,6.0703125,6.0703125,0.646484375,6.288290023803711e-05,0.0006818771362304688,0.00016236305236816406,8.58306884765625e-06,0.0031375885009765625,1.6868114471435547e-05,1.1920928955078125e-07,9.47713851928711e-06,1.6689300537109375e-06,1.8596649169921875e-05,0.0005588531494140625,4.172325134277344e-06,6.902217864990234e-05,5.626678466796875e-05,0.3486328125,1.9371509552001953e-05,4.172325134277344e-07,2.9206275939941406e-06,4.0531158447265625e-06
6vpcE,E,20,K20L,0.46435546875,0.46435546875,0.095458984375,2.205078125,0.623046875,0.0181427001953125,0.004001617431640625,0.003482818603515625,0.052764892578125,0.00319671630859375,0.0005135536193847656,0.005786895751953125,0.001190185546875,0.095458984375,0.46435546875,0.027099609375,0.01053619384765625,1.1324882507324219e-06,0.048553466796875,0.249267578125,0.0026760101318359375,0.00457763671875,0.0008945465087890625,0.0037670135498046875,0.0037441253662109375
6vpcE,E,21,R21Q,0.160400390625,0.160400390625,0.06585693359375,0.7236328125,-0.166015625,0.1129150390625,0.0026988983154296875,0.04443359375,0.1256103515625,0.038818359375,0.0025196075439453125,0.0162811279296875,0.01541900634765625,0.056793212890625,0.159423828125,0.038177490234375,0.0307464599609375,1.341104507446289e-05,0.160400390625,0.06585693359375,0.034912109375,0.039520263671875,0.0088958740234375,0.01580810546875,0.0308074951171875
6vpcE,E,22,A22A,0.0,0.8466796875,0.8466796875,3.021484375,3.021484375,0.8466796875,0.002574920654296875,0.004245758056640625,0.023284912109375,0.0006022453308105469,0.0009436607360839844,0.001049041748046875,7.539987564086914e-05,0.004673004150390625,0.026336669921875,0.00318145751953125,0.00769805908203125,6.943941116333008e-05,0.02667236328125,0.01190948486328125,0.03533935546875,0.00237274169921875,0.00090789794921875,0.0005550384521484375,0.0010385513305664062
6vpcE,E,23,R23M,0.370849609375,0.370849609375,0.05059814453125,1.7431640625,-0.2489013671875,0.08984375,0.0032176971435546875,0.00571441650390625,0.039794921875,0.0010051727294921875,0.0009551048278808594,0.0015621185302734375,0.0017566680908203125,0.01776123046875,0.05615234375,0.370849609375,0.00720977783203125,7.510185241699219e-06,0.1578369140625,0.05059814453125,0.02264404296875,0.0038814544677734375,0.0008592605590820312,0.1668701171875,0.0013570785522460938
6vpcE,E,24,D24G,0.364501953125,0.364501953125,0.07501220703125,1.6630859375,0.081787109375,0.0288543701171875,0.006488800048828125,0.07501220703125,0.038482666015625,0.02227783203125,0.364501953125,0.0225677490234375,0.00856781005859375,0.04962158203125,0.048614501953125,0.02362060546875,0.0924072265625,0.00010305643081665039,0.053070068359375,0.0628662109375,0.025054931640625,0.021453857421875,0.00693511962890625,0.0311737060546875,0.018310546875
6vpcE,E,25,E25L,0.1844482421875,0.1844482421875,0.1556396484375,1.0224609375,0.8525390625,0.09210205078125,0.0025043487548828125,0.1519775390625,0.1556396484375,0.0210418701171875,0.006725311279296875,0.01385498046875,5.6862831115722656e-05,0.035797119140625,0.1844482421875,0.10162353515625,0.062042236328125,4.827976226806641e-06,0.09259033203125,0.03076171875,0.02386474609375,0.00022482872009277344,3.0875205993652344e-05,0.0155487060546875,0.00904083251953125
6vpcE,E,26,R26K,0.42138671875,0.42138671875,0.1722412109375,2.3984375,1.50390625,0.0115966796875,0.0031299591064453125,0.040771484375,0.09002685546875,0.0014028549194335938,0.0002682209014892578,0.01076507568359375,0.006206512451171875,0.42138671875,0.01434326171875,0.00299835205078125,0.0653076171875,1.6093254089355469e-06,0.10186767578125,0.1722412109375,0.0169677734375,0.0109100341796875,0.028594970703125,0.0002810955047607422,0.0010385513305664062
6vpcE,E,27,E27E,0.0,0.9375,0.9375,5.2109375,5.2109375,0.002838134765625,0.000553131103515625,0.0008172988891601562,0.9375,0.0001690387725830078,0.00010073184967041016,0.00962066650390625,1.1920928955078125e-07,8.565187454223633e-05,0.00012314319610595703,0.0005841255187988281,0.0011157989501953125,5.960464477539063e-08,0.043670654296875,0.000621795654296875,0.0019378662109375,2.0503997802734375e-05,6.556510925292969e-07,6.514787673950195e-05,0.00014972686767578125
6vpcE,E,28,V28I,0.380859375,0.380859375,0.29541015625,1.927734375,1.673828125,0.00200653076171875,0.0021228790283203125,0.07025146484375,0.035980224609375,0.03948974609375,1.9550323486328125e-05,0.0167236328125,0.380859375,0.00640106201171875,0.0126953125,0.00214385986328125,0.029876708984375,2.0265579223632812e-05,0.00543212890625,0.0105438232421875,0.002391815185546875,0.04046630859375,0.29541015625,0.00435638427734375,0.04266357421875
6vpcE,E,29,P29P,0.0,1.0,1.0,25.546875,25.546875,0.0,0.0,0.0,0.0,0.0,1.7881393432617188e-07,0.0,0.0,0.0,0.0,0.0,0.0,1.0,0.0,0.0,0.0,0.0,0.0,0.0,0.0
6vpcE,E,30,V30D,0.3388671875,0.3388671875,0.2088623046875,1.46875,0.98486328125,0.004199981689453125,0.0007557868957519531,0.3388671875,0.1124267578125,0.0037212371826171875,0.00685882568359375,0.022216796875,0.104248046875,0.0212860107421875,0.01273345947265625,0.0014371871948242188,0.038543701171875,8.344650268554688e-07,0.02703857421875,0.07568359375,0.01268768310546875,0.005695343017578125,0.2088623046875,0.00011456012725830078,0.0025730133056640625
6vpcE,E,31,G31G,0.0,0.9892578125,0.9892578125,7.40234375,7.40234375,0.00962066650390625,0.00010019540786743164,9.715557098388672e-06,9.119510650634766e-06,1.4901161193847656e-05,0.9892578125,6.973743438720703e-06,1.7881393432617188e-07,1.9073486328125e-06,1.430511474609375e-06,6.556510925292969e-06,2.09808349609375e-05,4.5299530029296875e-06,1.1205673217773438e-05,8.046627044677734e-06,0.0009479522705078125,3.516674041748047e-06,2.086162567138672e-06,3.039836883544922e-06,1.341104507446289e-05
6vpcE,E,32,A32A,0.0,0.94091796875,0.94091796875,6.203125,6.203125,0.94091796875,0.005260467529296875,8.445978164672852e-05,1.0311603546142578e-05,1.9729137420654297e-05,4.690885543823242e-05,2.199411392211914e-05,6.556510925292969e-07,1.3709068298339844e-06,3.5762786865234375e-06,7.367134094238281e-05,4.583597183227539e-05,5.960464477539062e-07,1.6450881958007812e-05,5.185604095458984e-06,0.053497314453125,0.00015926361083984375,5.179643630981445e-05,1.1920928955078125e-07,2.682209014892578e-06
6vpcE,E,33,V33V,0.0,0.798828125,0.798828125,4.62109375,4.62109375,0.0016241073608398438,0.0012521743774414062,2.6106834411621094e-05,2.2172927856445312e-05,7.015466690063477e-05,8.344650268554688e-07,2.7358531951904297e-05,0.1885986328125,5.5909156799316406e-05,0.0070648193359375,0.0015811920166015625,5.4001808166503906e-05,5.960464477539063e-08,2.664327621459961e-05,0.00010246038436889648,0.00013959407806396484,0.0005145072937011719,0.798828125,0.00013267993927001953,8.0108642578125e-05
6vpcE,E,34,L34L,0.0,0.99951171875,0.99951171875,8.140625,8.140625,4.172325134277344e-07,1.7881393432617188e-06,5.960464477539063e-08,3.5762786865234375e-07,0.00014412403106689453,0.0,2.2649765014648438e-06,0.00022995471954345703,3.5762786865234375e-07,0.99951171875,0.00010162591934204102,2.384185791015625e-07,0.0,4.76837158203125e-07,2.384185791015625e-07,5.960464477539063e-08,2.384185791015625e-07,3.24249267578125e-05,6.556510925292969e-07,0.00018167495727539062
6vpcE,E,35,V35V,0.0,0.9560546875,0.9560546875,5.90234375,5.90234375,0.0007777214050292969,0.0005679130554199219,9.000301361083984e-06,0.00023055076599121094,6.192922592163086e-05,1.7881393432617188e-07,7.295608520507812e-05,0.0265960693359375,0.000171661376953125,5.0961971282958984e-05,0.00013065338134765625,1.1086463928222656e-05,5.960464477539063e-08,6.949901580810547e-05,0.00010788440704345703,0.00036597251892089844,0.01448822021484375,0.9560546875,3.129243850708008e-05,8.046627044677734e-05
6vpcE,E,36,L36K,0.79833984375,0.79833984375,8.89897346496582e-05,5.03515625,-4.06640625,0.0022716522216796875,0.00015020370483398438,1.5497207641601562e-05,0.0008053779602050781,1.3709068298339844e-06,2.777576446533203e-05,0.0003452301025390625,0.0008206367492675781,0.79833984375,8.89897346496582e-05,0.0035495758056640625,7.009506225585938e-05,5.960464477539062e-07,0.10345458984375,0.0850830078125,0.0019779205322265625,0.0022487640380859375,0.0009288787841796875,4.410743713378906e-06,2.4437904357910156e-06
6vpcE,E,37,N37D,0.445068359375,0.445068359375,0.3935546875,3.69921875,3.576171875,0.01145172119140625,0.00045371055603027344,0.445068359375,0.037841796875,0.00243377685546875,0.0006561279296875,0.03533935546875,3.635883331298828e-06,0.0213470458984375,0.0008087158203125,0.00037741661071777344,0.3935546875,1.7285346984863281e-06,0.01059722900390625,0.0179901123046875,0.017364501953125,0.0002040863037109375,1.5437602996826172e-05,0.0005698204040527344,0.00402069091796875
6vpcE,E,38,N38N,0.0,0.27587890625,0.27587890625,2.302734375,2.302734375,0.0131683349609375,0.00090789794921875,0.258056640625,0.12481689453125,0.0047760009765625,0.00017940998077392578,0.0301361083984375,0.00015473365783691406,0.09033203125,0.00832366943359375,0.00305938720703125,0.27587890625,4.589557647705078e-06,0.07843017578125,0.059234619140625,0.044708251953125,0.0021953582763671875,0.000720977783203125,0.000843048095703125,0.0038738250732421875
6vpcE,E,39,R39K,0.34033203125,0.34033203125,0.085205078125,2.857421875,1.47265625,0.004878997802734375,0.00133514404296875,0.00276947021484375,0.275634765625,9.083747863769531e-05,7.045269012451172e-05,0.0018358230590820312,0.010345458984375,0.34033203125,0.0035552978515625,0.0028285980224609375,0.0041656494140625,1.1920928955078125e-06,0.126220703125,0.085205078125,0.00799560546875,0.087890625,0.04473876953125,2.002716064453125e-05,0.00010496377944946289
6vpcE,E,40,V40I,0.487060546875,0.487060546875,0.3359375,3.048828125,2.677734375,0.001773834228515625,0.0026264190673828125,0.0002052783966064453,0.0101165771484375,0.0004925727844238281,9.810924530029297e-05,0.00020134449005126953,0.487060546875,0.00424957275390625,0.0780029296875,0.006687164306640625,0.0002987384796142578,4.076957702636719e-05,0.004413604736328125,0.005062103271484375,0.00164031982421875,0.06072998046875,0.3359375,0.0001531839370727539,0.00024771690368652344
6vpcE,E,41,I41I,0.0,0.56787109375,0.56787109375,6.3984375,6.3984375,1.3709068298339844e-06,8.702278137207031e-06,8.940696716308594e-07,2.9921531677246094e-05,5.555152893066406e-05,5.960464477539063e-08,1.3709068298339844e-05,0.56787109375,5.9664249420166016e-05,0.00838470458984375,6.306171417236328e-05,1.1920928955078125e-06,5.960464477539063e-08,2.5153160095214844e-05,7.766485214233398e-05,7.748603820800781e-07,9.03010368347168e-05,0.423583984375,1.531839370727539e-05,5.626678466796875e-05
6vpcE,E,42,G42G,0.0,0.9990234375,0.9990234375,9.5625,9.5625,0.0008950233459472656,1.33514404296875e-05,5.960464477539063e-08,1.7881393432617188e-07,1.430511474609375e-06,0.9990234375,1.7881393432617188e-07,5.960464477539063e-08,5.960464477539063e-08,5.364418029785156e-07,7.152557373046875e-07,3.2186508178710938e-06,5.364418029785156e-07,4.172325134277344e-07,1.7881393432617188e-07,0.00019657611846923828,2.980232238769531e-07,3.5762786865234375e-07,5.960464477539063e-08,2.2649765014648438e-06
6vpcE,E,43,E43M,0.29541015625,0.29541015625,0.188720703125,1.8740234375,1.42578125,0.00408935546875,0.005115509033203125,0.00017201900482177734,0.188720703125,0.0007863044738769531,6.181001663208008e-05,0.0002684593200683594,0.014862060546875,0.06903076171875,0.1888427734375,0.29541015625,0.0004825592041015625,7.033348083496094e-06,0.12249755859375,0.03668212890625,0.0020313262939453125,0.032440185546875,0.03826904296875,9.065866470336914e-05,0.00016808509826660156
6vpcE,E,44,G44G,0.0,1.0,1.0,9.828125,9.828125,3.325939178466797e-05,7.808208465576172e-06,2.0265579223632812e-06,3.635883331298828e-06,1.7285346984863281e-06,1.0,1.7285346984863281e-06,1.7881393432617188e-07,3.2782554626464844e-06,1.6689300537109375e-06,4.76837158203125e-07,2.6226043701171875e-06,5.960464477539063e-08,1.8477439880371094e-06,6.377696990966797e-06,6.252527236938477e-05,1.7881393432617188e-07,3.5762786865234375e-07,1.7881393432617188e-07,6.079673767089844e-06
6vpcE,E,45,W45V,0.61328125,0.61328125,0.00021648406982421875,3.0,-4.94921875,0.0220489501953125,0.00283050537109375,1.806020736694336e-05,0.0003287792205810547,0.00034737586975097656,0.00145721435546875,8.988380432128906e-05,0.052734375,7.68899917602539e-05,0.00095367431640625,0.0244140625,0.00010633468627929688,7.659196853637695e-05,0.0007905960083007812,0.0003113746643066406,0.01041412353515625,0.26904296875,0.61328125,0.00021648406982421875,0.0002313852310180664
6vpcE,E,46,N46E,0.34033203125,0.34033203125,0.1739501953125,1.4775390625,0.80615234375,0.01129150390625,0.0312042236328125,0.07708740234375,0.34033203125,0.0134735107421875,5.3048133850097656e-05,0.137939453125,0.0007734298706054688,0.0048675537109375,0.002796173095703125,0.0019140243530273438,0.1739501953125,2.205371856689453e-06,0.039947509765625,0.011688232421875,0.02227783203125,0.071533203125,0.0013523101806640625,0.00991058349609375,0.047576904296875
6vpcE,E,47,R47R,0.0,0.26708984375,0.26708984375,1.4111328125,1.4111328125,0.0015344619750976562,0.0185089111328125,0.004856109619140625,0.03460693359375,0.00235748291015625,0.000156402587890625,0.0051116943359375,0.084716796875,0.2164306640625,0.02630615234375,0.062347412109375,0.0115966796875,1.0073184967041016e-05,0.0699462890625,0.26708984375,0.0014333724975585938,0.0750732421875,0.116455078125,0.00035381317138671875,0.0012063980102539062
6vpcE,E,48,A48A,0.0,0.486083984375,0.486083984375,2.16015625,2.16015625,0.486083984375,0.00571441650390625,0.02899169921875,0.01207733154296875,0.006038665771484375,0.0003535747528076172,0.0166778564453125,0.00010949373245239258,0.0282440185546875,0.0011186599731445312,0.0033016204833984375,0.020904541015625,0.0013980865478515625,0.0206298828125,0.06640625,0.2861328125,0.006591796875,0.0003943443298339844,0.0039825439453125,0.004795074462890625
6vpcE,E,49,I49R,0.1685791015625,0.1685791015625,0.1485595703125,0.84912109375,0.72265625,0.0533447265625,0.0008039474487304688,0.01055908203125,0.053466796875,0.023956298828125,0.0002570152282714844,0.0129547119140625,0.1485595703125,0.11456298828125,0.06524658203125,0.0102691650390625,0.01049041748046875,4.792213439941406e-05,0.0689697265625,0.1685791015625,0.0139923095703125,0.0360107421875,0.1424560546875,0.0259857177734375,0.03961181640625
6vpcE,E,50,G50G,0.0,0.99951171875,0.99951171875,8.90625,8.90625,0.00012993812561035156,6.198883056640625e-06,1.049041748046875e-05,2.0265579223632812e-05,9.5367431640625e-07,0.99951171875,2.9087066650390625e-05,1.7881393432617188e-06,8.606910705566406e-05,5.227327346801758e-05,3.2782554626464844e-06,2.759695053100586e-05,1.7881393432617188e-06,5.59687614440918e-05,7.134675979614258e-05,0.00012022256851196289,1.9073486328125e-06,1.2516975402832031e-06,7.152557373046875e-07,4.172325134277344e-07
6vpcE,E,51,L51T,0.87890625,0.87890625,0.01641845703125,3.9609375,-0.01934814453125,0.0017232894897460938,0.0004029273986816406,0.00022602081298828125,0.00498199462890625,0.004375457763671875,1.7285346984863281e-06,0.0097198486328125,0.0003943443298339844,0.015838623046875,0.01641845703125,0.006923675537109375,0.004848480224609375,2.980232238769531e-07,0.00945281982421875,0.0227813720703125,0.017822265625,0.87890625,0.0022907257080078125,0.00038909912109375,0.0024871826171875
6vpcE,E,52,H52N,0.541015625,0.541015625,0.047515869140625,2.439453125,0.0064697265625,0.03369140625,0.0035839080810546875,0.1024169921875,0.0167999267578125,0.00902557373046875,0.036224365234375,0.047515869140625,0.0003256797790527344,0.03741455078125,0.01708984375,0.004150390625,0.541015625,9.298324584960938e-06,0.039703369140625,0.046417236328125,0.055419921875,0.0024623870849609375,0.0004887580871582031,0.0016279220581054688,0.0044403076171875
6vpcE,E,53,D53D,0.0,0.52001953125,0.52001953125,5.65234375,5.65234375,0.0002334117889404297,0.0008115768432617188,0.52001953125,0.0005030632019042969,0.00011199712753295898,4.291534423828125e-06,0.0004119873046875,2.9027462005615234e-05,0.00010985136032104492,5.513429641723633e-05,7.683038711547852e-05,0.475341796875,1.7881393432617188e-07,0.0002512931823730469,0.00020837783813476562,0.0012807846069335938,5.91278076171875e-05,1.913309097290039e-05,0.00014925003051757812,0.00011134147644042969
6vpcE,E,54,P54P,0.0,0.99072265625,0.99072265625,6.1640625,6.1640625,0.0001704692840576172,2.4139881134033203e-05,0.0006055831909179688,0.000270843505859375,0.0004334449768066406,3.11732292175293e-05,0.0001595020294189453,0.0014925003051757812,0.0005068778991699219,0.00019240379333496094,7.486343383789062e-05,0.00039649009704589844,0.99072265625,0.00013244152069091797,0.0005030632019042969,0.00038623809814453125,0.0008187294006347656,0.002918243408203125,9.375810623168945e-05,6.67572021484375e-05
6vpcE,E,55,T55L,0.1832275390625,0.1832275390625,0.04083251953125,0.814453125,-0.6865234375,0.04193115234375,0.0037288665771484375,0.138671875,0.060699462890625,0.048919677734375,0.0002124309539794922,0.0266265869140625,0.003482818603515625,0.095703125,0.1832275390625,0.034454345703125,0.09783935546875,1.33514404296875e-05,0.06951904296875,0.07861328125,0.0301361083984375,0.04083251953125,0.004657745361328125,0.00518798828125,0.035614013671875
6vpcE,E,56,A56A,0.0,0.29345703125,0.29345703125,0.646484375,0.646484375,0.29345703125,0.056121826171875,0.088623046875,0.1649169921875,0.005985260009765625,0.01375579833984375,0.0232391357421875,6.854534149169922e-06,0.04620361328125,0.0016946792602539062,0.01068878173828125,0.1654052734375,1.8656253814697266e-05,0.048095703125,0.036468505859375,0.0244140625,0.00028324127197265625,7.683038711547852e-05,0.0013456344604492188,0.0192108154296875
6vpcE,E,57,H57S,0.498291015625,0.498291015625,0.0004911422729492188,4.66796875,-2.25390625,8.720159530639648e-05,0.003444671630859375,0.0003592967987060547,1.2636184692382812e-05,0.0003795623779296875,0.01369476318359375,0.0004911422729492188,2.09808349609375e-05,0.00028586387634277344,0.0007419586181640625,0.0001894235610961914,0.0005364418029785156,1.7881393432617188e-07,8.207559585571289e-05,0.0002371072769165039,0.498291015625,0.48095703125,1.0192394256591797e-05,6.622076034545898e-05,0.00016295909881591797
6vpcE,E,58,A58A,0.0,0.9609375,0.9609375,7.13671875,7.13671875,0.9609375,0.0012598037719726562,0.00849151611328125,0.0001004338264465332,1.1622905731201172e-05,6.461143493652344e-05,0.0013065338134765625,0.0,2.1457672119140625e-06,2.384185791015625e-07,3.2782554626464844e-06,0.0004949569702148438,2.6226043701171875e-06,2.4437904357910156e-05,2.9206275939941406e-06,0.0274658203125,1.6093254089355469e-06,5.960464477539063e-08,3.159046173095703e-06,9.357929229736328e-06
6vpcE,E,59,E59I,0.5087890625,0.5087890625,0.116943359375,2.5234375,1.0537109375,0.0021953582763671875,0.0134735107421875,0.004909515380859375,0.116943359375,0.0001838207244873047,1.4483928680419922e-05,0.001110076904296875,0.5087890625,6.628036499023438e-05,0.0024738311767578125,0.01384735107421875,0.00199127197265625,1.5497207641601562e-06,0.0132293701171875,0.00013875961303710938,0.00257110595703125,0.1376953125,0.1800537109375,9.834766387939453e-05,0.0003077983856201172
6vpcE,E,60,I60I,0.0,0.19873046875,0.19873046875,0.578125,0.578125,0.045318603515625,0.002094268798828125,0.006908416748046875,0.0202178955078125,0.027435302734375,0.00018703937530517578,0.05157470703125,0.19873046875,0.03656005859375,0.002140045166015625,0.063720703125,0.1341552734375,1.233816146850586e-05,0.061920166015625,0.134765625,0.0109710693359375,0.06640625,0.11798095703125,0.00101470947265625,0.0178070068359375
6vpcE,E,61,M61T,0.300048828125,0.300048828125,0.027587890625,1.5908203125,-0.79541015625,0.0305328369140625,0.0012464523315429688,0.030242919921875,0.1463623046875,0.0010766983032226562,0.0030670166015625,0.00725555419921875,0.0033817291259765625,0.0902099609375,0.0283050537109375,0.027587890625,0.017578125,1.9431114196777344e-05,0.1048583984375,0.122314453125,0.08251953125,0.300048828125,0.0017642974853515625,0.0005164146423339844,0.0011501312255859375
6vpcE,E,62,A62A,0.0,0.9892578125,0.9892578125,6.6171875,6.6171875,0.9892578125,0.004581451416015625,6.318092346191406e-06,9.953975677490234e-06,1.1324882507324219e-06,6.198883056640625e-06,1.7881393432617188e-07,1.430511474609375e-06,1.0728836059570312e-06,7.212162017822266e-06,5.6862831115722656e-05,5.424022674560547e-06,3.516674041748047e-06,8.58306884765625e-06,5.960464477539062e-07,0.0030803680419921875,0.0023174285888671875,0.00075531005859375,5.960464477539063e-08,4.76837158203125e-07
6vpcE,E,63,L63L,0.0,0.97509765625,0.97509765625,8.0234375,8.0234375,4.172325134277344e-07,2.8014183044433594e-06,0.0,5.960464477539062e-07,1.2218952178955078e-05,0.0,5.364418029785156e-07,0.02459716796875,2.384185791015625e-07,0.97509765625,2.0265579223632812e-05,3.5762786865234375e-07,0.0,1.0728836059570312e-06,2.980232238769531e-07,5.960464477539063e-08,1.9073486328125e-06,0.0002105236053466797,5.960464477539063e-08,2.086162567138672e-06
6vpcE,E,64,R64R,0.0,0.206298828125,0.206298828125,0.9619140625,0.9619140625,0.04364013671875,0.00659942626953125,0.0251922607421875,0.0628662109375,0.01824951171875,0.0012254714965820312,0.016387939453125,0.0202789306640625,0.11187744140625,0.20166015625,0.041717529296875,0.073974609375,1.0371208190917969e-05,0.0810546875,0.206298828125,0.023681640625,0.0247955322265625,0.0155487060546875,0.00962066650390625,0.01532745361328125
6vpcE,E,65,Q65Q,0.0,0.421630859375,0.421630859375,2.634765625,2.634765625,0.00977325439453125,0.000545501708984375,0.00559234619140625,0.22607421875,0.0004925727844238281,0.000453948974609375,0.004917144775390625,0.0029544830322265625,0.180419921875,0.015960693359375,0.025421142578125,0.00885772705078125,1.1324882507324219e-05,0.421630859375,0.053009033203125,0.004543304443359375,0.03631591796875,0.0026073455810546875,0.00011932849884033203,0.0003268718719482422
6vpcE,E,66,G66G,0.0,0.9521484375,0.9521484375,5.9921875,5.9921875,0.04425048828125,0.0016412734985351562,6.735324859619141e-06,4.351139068603516e-06,0.0002646446228027344,0.9521484375,1.996755599975586e-05,1.0013580322265625e-05,1.1324882507324219e-06,2.8014183044433594e-05,0.00049591064453125,6.973743438720703e-06,3.147125244140625e-05,9.119510650634766e-06,1.8477439880371094e-06,0.0006885528564453125,0.0002053976058959961,0.00016188621520996094,4.494190216064453e-05,0.00015234947204589844
6vpcE,E,67,G67R,0.491943359375,0.491943359375,0.04296875,3.1640625,0.7265625,0.0003604888916015625,0.0296173095703125,9.113550186157227e-05,0.0019683837890625,4.76837158203125e-06,0.04296875,0.000141143798828125,0.00023448467254638672,0.1287841796875,1.621246337890625e-05,0.17919921875,0.0035552978515625,2.4080276489257812e-05,0.11822509765625,0.491943359375,0.0021953582763671875,0.0005183219909667969,0.00019061565399169922,7.569789886474609e-06,5.0067901611328125e-06
6vpcE,E,68,L68E,0.1878662109375,0.1878662109375,0.025787353515625,1.271484375,-0.7138671875,0.088134765625,0.0014972686767578125,0.046539306640625,0.1878662109375,0.006450653076171875,0.009429931640625,0.0260162353515625,0.0018167495727539062,0.125244140625,0.025787353515625,0.0233612060546875,0.12164306640625,1.8715858459472656e-05,0.12841796875,0.0987548828125,0.08135986328125,0.0196990966796875,0.0014591217041015625,0.0011320114135742188,0.005390167236328125
6vpcE,E,69,V69V,0.0,0.7939453125,0.7939453125,5.1171875,5.1171875,0.00048041343688964844,1.919269561767578e-05,4.26173210144043e-05,0.0017299652099609375,0.000888824462890625,5.364418029785156e-07,0.00044155120849609375,0.177490234375,0.0101776123046875,0.0021800994873046875,0.00019752979278564453,0.00015592575073242188,2.384185791015625e-07,0.0016088485717773438,0.006134033203125,0.0002753734588623047,0.0038013458251953125,0.7939453125,2.7179718017578125e-05,0.0005025863647460938
6vpcE,E,70,M70L,0.91064453125,0.91064453125,0.05596923828125,3.935546875,1.146484375,0.000560760498046875,0.0001709461212158203,0.0003108978271484375,0.0030193328857421875,0.0029544830322265625,1.823902130126953e-05,0.00027441978454589844,0.00275421142578125,0.00377655029296875,0.91064453125,0.05596923828125,0.0005197525024414062,1.7881393432617188e-07,0.0015630722045898438,0.00727081298828125,0.0025196075439453125,0.0049591064453125,0.0008978843688964844,0.0003509521484375,0.0016641616821289062
6vpcE,E,71,Q71K,0.4736328125,0.4736328125,0.1280517578125,3.091796875,1.7841796875,0.007724761962890625,0.002635955810546875,0.0273895263671875,0.1270751953125,0.0003266334533691406,0.01305389404296875,0.01319122314453125,0.00038051605224609375,0.4736328125,0.002590179443359375,0.0031719207763671875,0.0762939453125,1.7881393432617188e-06,0.1280517578125,0.1119384765625,0.00949859619140625,0.001522064208984375,0.001155853271484375,6.139278411865234e-05,0.0002167224884033203
6vpcE,E,72,N72D,0.401611328125,0.401611328125,0.36865234375,4.34765625,4.26171875,0.0005521774291992188,0.01690673828125,0.401611328125,0.0005435943603515625,0.00011616945266723633,2.1159648895263672e-05,0.0035552978515625,2.4437904357910156e-06,0.0006194114685058594,4.8041343688964844e-05,3.55839729309082e-05,0.36865234375,5.960464477539063e-08,0.00028634071350097656,0.0006456375122070312,0.2052001953125,0.0006871223449707031,4.589557647705078e-06,0.00020956993103027344,0.00022089481353759766
6vpcE,E,73,Y73E,0.2025146484375,0.2025146484375,0.00566864013671875,1.35546875,-2.220703125,0.12451171875,0.001255035400390625,0.04852294921875,0.2025146484375,0.008056640625,0.000789642333984375,0.0199432373046875,0.007289886474609375,0.1925048828125,0.0152587890625,0.0037899017333984375,0.0301971435546875,0.00218963623046875,0.04656982421875,0.0482177734375,0.1566162109375,0.056884765625,0.02557373046875,0.003566741943359375,0.00566864013671875
6vpcE,E,74,R74D,0.2230224609375,0.2230224609375,0.07720947265625,1.115234375,0.054901123046875,0.0258941650390625,0.01287841796875,0.2230224609375,0.10491943359375,0.0036106109619140625,0.0008282661437988281,0.0162200927734375,0.021820068359375,0.116943359375,0.01523590087890625,0.0016632080078125,0.1510009765625,2.9802322387695312e-05,0.0272979736328125,0.07720947265625,0.08709716796875,0.059967041015625,0.044525146484375,0.0012874603271484375,0.00861358642578125
6vpcE,E,75,L75L,0.0,0.99853515625,0.99853515625,6.89453125,6.89453125,7.152557373046875e-07,0.00024700164794921875,1.7285346984863281e-06,5.781650543212891e-06,4.9233436584472656e-05,0.0,0.00010216236114501953,2.8073787689208984e-05,1.9490718841552734e-05,0.99853515625,0.0006508827209472656,1.0132789611816406e-05,0.0,0.00011330842971801758,1.6570091247558594e-05,3.0994415283203125e-06,9.5367431640625e-07,2.8014183044433594e-06,7.748603820800781e-07,7.927417755126953e-06
6vpcE,E,76,I76Y,0.1888427734375,0.1888427734375,0.0142669677734375,1.09375,-1.4892578125,0.03851318359375,0.0015230178833007812,0.12030029296875,0.07427978515625,0.128173828125,0.000152587890625,0.06304931640625,0.0142669677734375,0.07281494140625,0.033050537109375,0.002109527587890625,0.03399658203125,5.9485435485839844e-05,0.0166778564453125,0.0484619140625,0.046417236328125,0.086669921875,0.0157623291015625,0.0148468017578125,0.1888427734375
6vpcE,E,77,D77D,0.0,0.52490234375,0.52490234375,3.25,3.25,0.0124969482421875,0.00121307373046875,0.52490234375,0.0784912109375,0.004703521728515625,4.1484832763671875e-05,0.01532745361328125,0.0007414817810058594,0.038726806640625,0.00704193115234375,0.0033130645751953125,0.2315673828125,9.357929229736328e-06,0.0193023681640625,0.0240631103515625,0.02734375,0.0032558441162109375,0.001041412353515625,0.0008940696716308594,0.00554656982421875
6vpcE,E,78,A78S,0.72216796875,0.72216796875,0.10577392578125,3.6640625,1.7431640625,0.10577392578125,0.153076171875,4.4465065002441406e-05,0.0002231597900390625,0.00019156932830810547,0.0012254714965820312,0.00021541118621826172,3.701448440551758e-05,6.258487701416016e-06,6.67572021484375e-05,0.0010900497436523438,0.0002722740173339844,7.808208465576172e-06,0.00014925003051757812,8.404254913330078e-06,0.72216796875,0.01511383056640625,0.0001575946807861328,0.00016009807586669922,0.00014460086822509766
6vpcE,E,79,T79T,0.0,0.369384765625,0.369384765625,1.1103515625,1.1103515625,0.0085296630859375,0.0233001708984375,0.016571044921875,0.11376953125,0.005329132080078125,0.01425933837890625,0.027557373046875,0.054107666015625,0.0751953125,0.0016374588012695312,0.01258087158203125,0.0222320556640625,1.2934207916259766e-05,0.0250396728515625,0.1051025390625,0.0236968994140625,0.369384765625,0.07489013671875,0.006683349609375,0.020050048828125
6vpcE,E,80,L80L,0.0,0.99462890625,0.99462890625,6.90234375,6.90234375,2.5272369384765625e-05,4.9173831939697266e-05,1.1920928955078125e-07,2.3245811462402344e-06,4.464387893676758e-05,4.172325134277344e-07,1.1086463928222656e-05,0.0030956268310546875,6.556510925292969e-07,0.99462890625,0.0001901388168334961,1.3709068298339844e-06,0.0,5.066394805908203e-06,4.76837158203125e-07,2.1457672119140625e-06,8.344650268554688e-06,0.002071380615234375,1.6093254089355469e-06,1.5020370483398438e-05
6vpcE,E,81,Y81W,0.5205078125,0.5205078125,0.32177734375,5.5859375,5.10546875,3.8564205169677734e-05,8.32676887512207e-05,1.2576580047607422e-05,4.827976226806641e-06,0.1531982421875,3.2186508178710938e-06,0.0026912689208984375,0.000324249267578125,5.066394805908203e-06,3.534555435180664e-05,7.420778274536133e-05,8.845329284667969e-05,4.172325134277344e-07,7.748603820800781e-06,3.057718276977539e-05,9.143352508544922e-05,0.0002808570861816406,0.0008344650268554688,0.5205078125,0.32177734375
6vpcE,E,82,V82V,0.0,0.78955078125,0.78955078125,3.572265625,3.572265625,0.00021064281463623047,0.0261383056640625,0.0012121200561523438,0.0016031265258789062,0.00011545419692993164,1.9669532775878906e-06,0.0007691383361816406,0.1041259765625,6.22868537902832e-05,0.00011277198791503906,0.001667022705078125,0.0017671585083007812,1.1920928955078125e-07,0.0024261474609375,0.00011014938354492188,0.0008153915405273438,0.0694580078125,0.78955078125,7.867813110351562e-06,8.678436279296875e-05
6vpcE,E,83,T83N,0.99951171875,0.99951171875,5.662441253662109e-06,9.359375,-2.72265625,5.960464477539063e-08,1.9669532775878906e-06,0.0003745555877685547,2.980232238769531e-07,0.0,1.3113021850585938e-06,1.1920928955078125e-07,2.5272369384765625e-05,0.0,1.9073486328125e-06,3.5762786865234375e-07,0.99951171875,0.0,5.364418029785156e-07,5.960464477539062e-07,1.4901161193847656e-06,5.662441253662109e-06,1.0132789611816406e-06,5.960464477539063e-08,0.0
6vpcE,E,84,F84I,0.220947265625,0.220947265625,0.019134521484375,0.8369140625,-1.609375,0.004596710205078125,0.013916015625,0.2177734375,0.06640625,0.019134521484375,0.0001920461654663086,0.11761474609375,0.220947265625,0.032440185546875,0.0054168701171875,0.0019817352294921875,0.0310211181640625,1.6689300537109375e-06,0.023468017578125,0.0312042236328125,0.0126953125,0.0134735107421875,0.1285400390625,0.0193328857421875,0.039764404296875
6vpcE,E,85,E85E,0.0,0.87255859375,0.87255859375,5.53515625,5.53515625,0.064453125,0.0008220672607421875,0.0025157928466796875,0.87255859375,5.960464477539062e-07,7.748603820800781e-07,2.0563602447509766e-05,2.682209014892578e-06,8.004903793334961e-05,1.0192394256591797e-05,0.0011425018310546875,0.00035881996154785156,1.0132789611816406e-06,0.052734375,0.00019085407257080078,0.0046844482421875,0.0002092123031616211,8.881092071533203e-06,4.172325134277344e-07,3.516674041748047e-06
6vpcE,E,86,P86P,0.0,1.0,1.0,14.7578125,14.7578125,0.0,0.0,0.0,0.0,0.0,8.344650268554688e-07,0.0,0.0,0.0,0.0,0.0,0.0,1.0,0.0,0.0,0.0,0.0,5.960464477539063e-08,0.0,0.0
6vpcE,E,87,C87T,0.61865234375,0.61865234375,0.09539794921875,4.1015625,2.232421875,0.0005540847778320312,0.09539794921875,0.007625579833984375,0.0005269050598144531,0.0018568038940429688,0.00021576881408691406,0.001087188720703125,4.166364669799805e-05,0.0005245208740234375,0.0001628398895263672,0.00034689903259277344,0.010711669921875,1.3709068298339844e-06,0.0003743171691894531,0.0004200935363769531,0.260498046875,0.61865234375,5.8770179748535156e-05,0.0002613067626953125,0.0008616447448730469
6vpcE,E,88,V88V,0.0,0.50341796875,0.50341796875,2.84375,2.84375,0.0037689208984375,0.00010198354721069336,0.00274658203125,0.0276947021484375,0.0170135498046875,1.4603137969970703e-05,0.003253936767578125,0.2496337890625,0.0103912353515625,0.0498046875,0.00521087646484375,0.0008392333984375,7.152557373046875e-06,0.0089263916015625,0.0172882080078125,0.003124237060546875,0.0704345703125,0.50341796875,0.0069427490234375,0.01953125
6vpcE,E,89,M89L,0.137451171875,0.137451171875,0.0645751953125,0.2802734375,-0.47509765625,0.058074951171875,0.00205230712890625,0.04833984375,0.02618408203125,0.0947265625,0.038787841796875,0.01995849609375,0.02545166015625,0.0340576171875,0.137451171875,0.0645751953125,0.0290679931640625,0.00021600723266601562,0.0305023193359375,0.108154296875,0.040191650390625,0.07904052734375,0.036712646484375,0.00470733642578125,0.1217041015625
6vpcE,E,90,C90E,0.75390625,0.75390625,0.004688262939453125,4.58984375,-0.490234375,0.05938720703125,0.004688262939453125,0.006786346435546875,0.75390625,5.185604095458984e-06,0.0012531280517578125,0.0006232261657714844,3.0994415283203125e-06,4.112720489501953e-05,4.607439041137695e-05,0.002071380615234375,0.0018596649169921875,9.5367431640625e-07,0.12017822265625,6.198883056640625e-05,0.049041748046875,0.00014925003051757812,3.933906555175781e-06,1.9729137420654297e-05,1.1444091796875e-05
6vpcE,E,91,A91C,0.861328125,0.861328125,0.06549072265625,4.81640625,2.240234375,0.06549072265625,0.861328125,2.8133392333984375e-05,0.0002682209014892578,2.980232238769531e-07,0.009185791015625,7.808208465576172e-06,2.980232238769531e-07,1.3768672943115234e-05,3.5762786865234375e-05,0.00567626953125,0.0006308555603027344,5.125999450683594e-06,0.0010814666748046875,7.623434066772461e-05,0.0560302734375,0.00023031234741210938,1.8477439880371094e-06,5.364418029785156e-07,1.7881393432617188e-07
6vpcE,E,92,G92G,0.0,0.90478515625,0.90478515625,4.51953125,4.51953125,0.00019180774688720703,0.0005793571472167969,0.0007238388061523438,0.0029506683349609375,0.0024623870849609375,0.90478515625,0.0186309814453125,0.0004432201385498047,0.005344390869140625,0.005573272705078125,0.003326416015625,0.03021240234375,3.337860107421875e-06,0.00891876220703125,0.01290130615234375,0.0006313323974609375,8.83340835571289e-05,0.00012117624282836914,0.0008091926574707031,0.0014705657958984375
6vpcE,E,93,A93N,0.277587890625,0.277587890625,0.051239013671875,1.4931640625,-0.1966552734375,0.051239013671875,0.005756378173828125,0.048248291015625,0.07574462890625,0.0035400390625,0.0357666015625,0.005962371826171875,0.000347137451171875,0.0131988525390625,0.12103271484375,0.07037353515625,0.277587890625,8.761882781982422e-06,0.130126953125,0.0859375,0.06475830078125,0.0005764961242675781,0.00010418891906738281,0.005199432373046875,0.004467010498046875
6vpcE,E,94,M94M,0.0,0.4765625,0.4765625,2.404296875,2.404296875,0.01324462890625,0.46533203125,0.00023674964904785156,0.006458282470703125,0.000518798828125,0.0012617111206054688,0.001026153564453125,0.0015707015991210938,6.729364395141602e-05,0.01149749755859375,0.4765625,0.002490997314453125,6.67572021484375e-06,0.0164337158203125,0.00013756752014160156,0.0010137557983398438,0.000102996826171875,0.0005049705505371094,0.0008392333984375,0.00066375732421875
6vpcE,E,95,I95L,0.65185546875,0.65185546875,0.011260986328125,2.931640625,-1.126953125,0.0007424354553222656,0.005016326904296875,0.0005931854248046875,0.0015058517456054688,0.0006542205810546875,1.0311603546142578e-05,0.007221221923828125,0.011260986328125,0.2548828125,0.65185546875,0.009124755859375,0.00305938720703125,1.1324882507324219e-06,0.01120758056640625,0.0213623046875,0.00337982177734375,0.0032711029052734375,0.011383056640625,0.0017919540405273438,0.0016002655029296875
6vpcE,E,96,H96R,0.15869140625,0.15869140625,0.019195556640625,0.84130859375,-1.271484375,0.1544189453125,0.002902984619140625,0.0758056640625,0.1260986328125,0.0084686279296875,0.0004069805145263672,0.019195556640625,0.00855255126953125,0.15478515625,0.08233642578125,0.031982421875,0.019683837890625,1.1086463928222656e-05,0.0740966796875,0.15869140625,0.0298309326171875,0.02703857421875,0.00870513916015625,0.006763458251953125,0.01018524169921875
6vpcE,E,97,S97A,0.9697265625,0.9697265625,0.0282745361328125,7.62890625,4.09375,0.9697265625,0.00014603137969970703,2.3066997528076172e-05,3.039836883544922e-06,2.4139881134033203e-05,0.0015687942504882812,2.9146671295166016e-05,0.0,9.5367431640625e-07,6.556510925292969e-07,2.384185791015625e-06,1.7940998077392578e-05,7.748603820800781e-07,2.3245811462402344e-06,1.4901161193847656e-06,0.0282745361328125,2.9206275939941406e-06,5.960464477539063e-08,8.64267349243164e-06,1.2636184692382812e-05
6vpcE,E,98,R98R,0.0,0.57861328125,0.57861328125,4.15234375,4.15234375,0.00011962652206420898,0.0005817413330078125,0.0002853870391845703,0.01055145263671875,0.000263214111328125,0.00015783309936523438,0.0081329345703125,7.11679458618164e-05,0.37451171875,0.0052642822265625,0.00043082237243652344,0.007167816162109375,0.0,0.01251220703125,0.57861328125,0.0003750324249267578,0.00025725364685058594,0.00015974044799804688,8.702278137207031e-06,0.000457763671875
6vpcE,E,99,I99I,0.0,0.9541015625,0.9541015625,11.5390625,11.5390625,5.960464477539063e-08,1.7881393432617188e-07,0.0,0.0,5.960464477539063e-08,0.0,0.0,0.9541015625,0.0,1.627206802368164e-05,1.1324882507324219e-06,0.0,0.0,0.0,0.0,0.0,1.7881393432617188e-06,0.0460205078125,0.0,0.0
6vpcE,E,100,G100G,0.0,0.9990234375,0.9990234375,8.578125,8.578125,4.684925079345703e-05,2.7418136596679688e-06,7.748603820800781e-05,6.16908073425293e-05,1.245737075805664e-05,0.9990234375,2.9921531677246094e-05,7.212162017822266e-06,7.456541061401367e-05,1.6748905181884766e-05,3.874301910400391e-06,0.0001608133316040039,4.112720489501953e-06,4.5239925384521484e-05,4.8041343688964844e-05,0.00010961294174194336,1.2576580047607422e-05,2.384185791015625e-05,3.2782554626464844e-06,1.3589859008789062e-05
6vpcE,E,101,R101S,0.2293701171875,0.2293701171875,0.223876953125,1.734375,1.7099609375,0.0941162109375,0.00457000732421875,0.0032787322998046875,0.10455322265625,0.00021326541900634766,0.00047516822814941406,0.0015211105346679688,0.0114288330078125,0.1978759765625,0.0097808837890625,0.00890350341796875,0.0020198822021484375,7.152557373046875e-07,0.054229736328125,0.223876953125,0.2293701171875,0.0192413330078125,0.033660888671875,0.000499725341796875,0.0003848075866699219
6vpcE,E,102,V102V,0.0,0.7939453125,0.7939453125,2.79296875,2.79296875,0.0277099609375,0.026275634765625,0.00026416778564453125,0.0011129379272460938,0.015869140625,3.331899642944336e-05,0.01187896728515625,0.032196044921875,7.963180541992188e-05,0.035919189453125,0.00872802734375,0.00033926963806152344,3.874301910400391e-06,0.0008015632629394531,0.0002295970916748047,0.0031147003173828125,0.0132293701171875,0.7939453125,0.00621795654296875,0.022125244140625
6vpcE,E,103,V103V,0.0,0.3466796875,0.3466796875,1.5771484375,1.5771484375,0.01499176025390625,0.053314208984375,0.00489044189453125,0.0179901123046875,0.01849365234375,1.6391277313232422e-05,0.048828125,0.2135009765625,0.019805908203125,0.00664520263671875,0.0127105712890625,0.01180267333984375,1.9669532775878906e-06,0.028717041015625,0.043243408203125,0.0233306884765625,0.055084228515625,0.3466796875,0.04742431640625,0.032501220703125
6vpcE,E,104,F104Y,0.8544921875,0.8544921875,0.1156005859375,6.171875,4.171875,0.00035572052001953125,0.0003006458282470703,8.440017700195312e-05,1.2278556823730469e-05,0.1156005859375,3.319978713989258e-05,0.01403045654296875,4.470348358154297e-06,1.0192394256591797e-05,2.014636993408203e-05,9.059906005859375e-06,6.818771362304688e-05,1.1324882507324219e-06,1.4126300811767578e-05,4.5418739318847656e-05,0.0012874603271484375,0.0001678466796875,5.3763389587402344e-05,0.01348876953125,0.8544921875
6vpcE,E,105,G105G,0.0,0.482177734375,0.482177734375,4.109375,4.109375,0.078125,0.0011444091796875,0.00039958953857421875,0.00036025047302246094,1.8417835235595703e-05,0.482177734375,0.00037026405334472656,1.9371509552001953e-05,0.00040984153747558594,0.00010776519775390625,0.00018656253814697266,0.001537322998046875,4.2378902435302734e-05,0.004207611083984375,0.0037555694580078125,0.42626953125,0.0007748603820800781,5.4836273193359375e-05,8.64267349243164e-06,1.2218952178955078e-05
6vpcE,E,106,V106V,0.0,0.70703125,0.70703125,2.708984375,2.708984375,0.04644775390625,0.01221466064453125,0.022247314453125,0.007640838623046875,0.00262451171875,5.8710575103759766e-05,0.00527191162109375,0.06890869140625,0.01312255859375,0.01061248779296875,0.0030517578125,0.00960540771484375,3.355741500854492e-05,0.0178680419921875,0.026336669921875,0.0110931396484375,0.022918701171875,0.70703125,0.00661468505859375,0.00641632080078125
6vpcE,E,107,R107G,0.94921875,0.94921875,0.006916046142578125,4.6953125,-0.2266845703125,0.00286102294921875,0.0004096031188964844,0.003452301025390625,0.00620269775390625,0.001117706298828125,0.94921875,0.00246429443359375,0.0009393692016601562,0.0052490234375,0.0009655952453613281,0.00013589859008789062,0.0052032470703125,0.0017919540405273438,0.002307891845703125,0.006916046142578125,0.003726959228515625,0.0006899833679199219,0.00156402587890625,0.0031986236572265625,0.0015630722045898438
6vpcE,E,108,N108D,0.75732421875,0.75732421875,0.149169921875,3.765625,2.140625,0.005863189697265625,0.005954742431640625,0.75732421875,0.00304412841796875,0.0023822784423828125,8.225440979003906e-06,0.0038814544677734375,1.0311603546142578e-05,0.0013418197631835938,0.0009608268737792969,0.0011539459228515625,0.149169921875,5.0067901611328125e-06,0.0015382766723632812,0.0179443359375,0.0439453125,0.000274658203125,1.3589859008789062e-05,0.0014562606811523438,0.00377655029296875
6vpcE,E,109,S109A,0.2464599609375,0.2464599609375,0.0797119140625,1.525390625,0.39697265625,0.2464599609375,0.0009260177612304688,0.04290771484375,0.1302490234375,0.00350189208984375,0.0006566047668457031,0.0147705078125,0.005931854248046875,0.1893310546875,0.01332855224609375,0.004222869873046875,0.03033447265625,0.00926971435546875,0.0256500244140625,0.084716796875,0.0797119140625,0.0816650390625,0.03106689453125,0.0024013519287109375,0.002948760986328125
6vpcE,E,110,K110E,0.2037353515625,0.2037353515625,0.081787109375,1.26171875,0.349365234375,0.09759521484375,0.0009813308715820312,0.14697265625,0.2037353515625,0.01739501953125,0.00018870830535888672,0.0207672119140625,0.002788543701171875,0.081787109375,0.059539794921875,0.006092071533203125,0.031463623046875,3.331899642944336e-05,0.071533203125,0.10528564453125,0.0667724609375,0.053436279296875,0.00511932373046875,0.006046295166015625,0.0224151611328125
6vpcE,E,111,R111Y,0.31201171875,0.31201171875,0.05902099609375,1.638671875,-0.02618408203125,0.01406097412109375,0.005222320556640625,0.01000213623046875,0.027099609375,0.2091064453125,8.761882781982422e-05,0.08856201171875,0.0015592575073242188,0.0302276611328125,0.043792724609375,0.0035552978515625,0.0316162109375,4.887580871582031e-06,0.01666259765625,0.05902099609375,0.0171051025390625,0.0247802734375,0.005462646484375,0.10009765625,0.31201171875
6vpcE,E,112,G112G,0.0,1.0,1.0,14.3828125,14.3828125,5.960464477539063e-08,5.960464477539063e-08,0.0,0.0,0.0,1.0,0.0,0.0,0.0,0.0,0.0,5.960464477539063e-08,1.1920928955078125e-07,0.0,0.0,2.384185791015625e-07,0.0,1.7881393432617188e-07,0.0,0.0
6vpcE,E,113,A113A,0.0,0.98388671875,0.98388671875,6.078125,6.078125,0.98388671875,0.002132415771484375,0.00012803077697753906,1.2993812561035156e-05,0.0027408599853515625,1.5437602996826172e-05,0.0009393692016601562,1.1920928955078125e-07,6.318092346191406e-06,2.473592758178711e-05,4.3392181396484375e-05,0.0001571178436279297,2.205371856689453e-06,2.1755695343017578e-05,9.298324584960938e-06,0.0056915283203125,8.940696716308594e-07,2.980232238769531e-07,0.0030422210693359375,0.001239776611328125
6vpcE,E,114,A114A,0.0,0.873046875,0.873046875,3.119140625,3.119140625,0.873046875,0.07000732421875,0.001354217529296875,0.0008072853088378906,0.0007791519165039062,0.0008344650268554688,0.00046896934509277344,0.0003273487091064453,1.5556812286376953e-05,0.0026416778564453125,0.004421234130859375,0.0179290771484375,5.245208740234375e-06,0.0009307861328125,3.17692756652832e-05,0.02252197265625,0.002185821533203125,0.000827789306640625,0.00012040138244628906,0.0007610321044921875
6vpcE,E,115,G115G,0.0,1.0,1.0,14.0703125,14.0703125,0.0,0.0,5.960464477539063e-08,0.0,0.0,1.0,0.0,0.0,0.0,0.0,0.0,5.960464477539063e-08,5.960464477539063e-08,0.0,5.960464477539063e-08,5.960464477539063e-08,0.0,7.748603820800781e-07,0.0,0.0
6vpcE,E,116,S116S,0.0,0.90966796875,0.90966796875,4.9609375,4.9609375,0.04705810546875,0.009796142578125,0.01168060302734375,0.0014276504516601562,0.0007162094116210938,0.00048470497131347656,0.00800323486328125,1.0728836059570312e-06,1.6510486602783203e-05,9.47713851928711e-06,0.00014579296112060547,0.005474090576171875,4.827976226806641e-06,0.0007915496826171875,6.729364395141602e-05,0.90966796875,0.0005927085876464844,3.2782554626464844e-06,0.0014495849609375,0.0026874542236328125
6vpcE,E,117,L117K,0.77880859375,0.77880859375,0.014404296875,4.5625,0.572265625,0.018402099609375,0.00017714500427246094,0.00032901763916015625,0.0004150867462158203,0.0003447532653808594,2.2649765014648438e-06,0.0005888938903808594,1.6748905181884766e-05,0.77880859375,0.014404296875,0.0015859603881835938,0.0017833709716796875,1.7881393432617188e-07,0.0025577545166015625,0.1751708984375,0.004596710205078125,0.000308990478515625,5.7816505432128906e-05,5.1021575927734375e-05,0.0005092620849609375
6vpcE,E,118,M118T,0.6474609375,0.6474609375,0.034881591796875,3.03125,0.11041259765625,0.006031036376953125,0.014404296875,0.00466156005859375,0.1744384765625,2.9802322387695312e-06,5.900859832763672e-06,3.701448440551758e-05,0.0041046142578125,0.01203155517578125,0.005645751953125,0.034881591796875,0.0010204315185546875,5.960464477539062e-07,0.056243896484375,0.0089111328125,0.0269927978515625,0.6474609375,0.0031490325927734375,6.139278411865234e-06,4.827976226806641e-06
6vpcE,E,119,N119N,0.0,0.3330078125,0.3330078125,2.31640625,2.31640625,0.0032329559326171875,0.00220489501953125,0.1951904296875,0.32470703125,0.00954437255859375,0.001720428466796875,0.0045166015625,0.0008502006530761719,0.01200103759765625,0.002288818359375,0.006107330322265625,0.3330078125,6.735324859619141e-06,0.0204620361328125,0.0239105224609375,0.020233154296875,0.0211334228515625,0.002567291259765625,0.0030803680419921875,0.013092041015625
6vpcE,E,120,V120V,0.0,0.806640625,0.806640625,5.47265625,5.47265625,4.3332576751708984e-05,0.0010938644409179688,1.2993812561035156e-05,7.635354995727539e-05,0.0009031295776367188,5.960464477539063e-08,0.00032830238342285156,0.1768798828125,0.00011730194091796875,0.00020074844360351562,0.00179290771484375,7.170438766479492e-05,1.1920928955078125e-07,0.00022661685943603516,0.0005259513854980469,0.00014400482177734375,0.01009368896484375,0.806640625,0.00029730796813964844,0.00033164024353027344
6vpcE,E,121,L121F,0.6611328125,0.6611328125,0.058929443359375,4.72265625,2.3046875,0.00024175643920898438,8.51750373840332e-05,1.3828277587890625e-05,1.0251998901367188e-05,0.6611328125,1.7881393432617188e-07,0.00196075439453125,0.0001208186149597168,1.1920928955078125e-05,0.058929443359375,0.00170135498046875,2.872943878173828e-05,2.5033950805664062e-06,3.063678741455078e-05,3.230571746826172e-05,3.147125244140625e-05,9.959936141967773e-05,8.755922317504883e-05,0.053863525390625,0.2215576171875
6vpcE,E,122,N122N,0.0,0.457275390625,0.457275390625,2.716796875,2.716796875,0.014892578125,0.002166748046875,0.306396484375,0.0153656005859375,0.0004642009735107422,0.0003657341003417969,0.008697509765625,0.0007262229919433594,0.0167236328125,0.006458282470703125,0.0010356903076171875,0.457275390625,1.33514404296875e-05,0.021209716796875,0.044189453125,0.08001708984375,0.02056884765625,0.0017557144165039062,0.00047898292541503906,0.0012922286987304688
6vpcE,E,123,Y123H,0.759765625,0.759765625,0.0004017353057861328,4.08203125,-3.462890625,0.06658935546875,0.0002257823944091797,0.09844970703125,0.002933502197265625,0.00031280517578125,0.0001227855682373047,0.759765625,4.190206527709961e-05,0.00211334228515625,0.00027823448181152344,6.592273712158203e-05,0.0338134765625,3.2186508178710938e-06,0.002838134765625,0.002239227294921875,0.0269927978515625,0.002834320068359375,0.00010830163955688477,0.00010913610458374023,0.0004017353057861328
6vpcE,E,124,P124P,0.0,0.9990234375,0.9990234375,7.81640625,7.81640625,4.6312808990478516e-05,2.086162567138672e-06,0.00016450881958007812,6.99758529663086e-05,2.2292137145996094e-05,7.295608520507812e-05,2.9265880584716797e-05,2.2530555725097656e-05,0.00011646747589111328,2.6881694793701172e-05,9.5367431640625e-07,2.2530555725097656e-05,0.9990234375,1.2695789337158203e-05,4.3272972106933594e-05,0.0001227855682373047,9.781122207641602e-05,0.0001405477523803711,6.139278411865234e-06,4.827976226806641e-06
6vpcE,E,125,G125G,0.0,0.99267578125,0.99267578125,6.671875,6.671875,0.0001876354217529297,3.319978713989258e-05,0.0010128021240234375,0.000720977783203125,0.00013911724090576172,0.99267578125,0.0002949237823486328,6.556510925292969e-05,0.0004849433898925781,0.0003933906555175781,3.337860107421875e-05,0.0010004043579101562,2.205371856689453e-06,0.0003490447998046875,0.0003838539123535156,0.0012760162353515625,0.0007457733154296875,0.00011527538299560547,7.635354995727539e-05,0.0001785755157470703
6vpcE,E,126,M126S,0.343994140625,0.343994140625,0.0040130615234375,2.140625,-2.310546875,0.1768798828125,0.0014314651489257812,0.00469970703125,0.061981201171875,0.00010144710540771484,0.0005130767822265625,0.0014390945434570312,2.2649765014648438e-05,0.058349609375,0.0009608268737792969,0.0040130615234375,0.048309326171875,8.702278137207031e-06,0.1732177734375,0.07366943359375,0.343994140625,0.049835205078125,0.0003712177276611328,2.282857894897461e-05,0.00013124942779541016
6vpcE,E,127,N127D,0.54150390625,0.54150390625,0.228759765625,3.0625,2.201171875,0.007648468017578125,0.0009298324584960938,0.54150390625,0.0219879150390625,0.0030536651611328125,0.0008716583251953125,0.0113983154296875,0.0007691383361816406,0.023468017578125,0.00786590576171875,0.0011911392211914062,0.228759765625,0.000263214111328125,0.01070404052734375,0.0151824951171875,0.061920166015625,0.057891845703125,0.0018596649169921875,0.0006074905395507812,0.0021533966064453125
6vpcE,E,128,H128Y,0.9833984375,0.9833984375,0.0021381378173828125,7.078125,0.947265625,8.64267349243164e-06,1.1324882507324219e-05,5.424022674560547e-06,6.735324859619141e-06,0.01309967041015625,7.748603820800781e-07,0.0021381378173828125,0.00017952919006347656,1.245737075805664e-05,1.329183578491211e-05,1.1324882507324219e-06,9.906291961669922e-05,0.0,3.814697265625e-06,0.0001609325408935547,8.58306884765625e-06,4.0471553802490234e-05,0.0007467269897460938,2.3245811462402344e-05,0.9833984375
6vpcE,E,129,R129S,0.2161865234375,0.2161865234375,0.162353515625,1.3486328125,1.0625,0.0303497314453125,0.002956390380859375,0.04022216796875,0.045989990234375,0.0158843994140625,0.00026798248291015625,0.02374267578125,0.004199981689453125,0.1444091796875,0.057830810546875,0.0099945068359375,0.0682373046875,2.4259090423583984e-05,0.09893798828125,0.162353515625,0.2161865234375,0.052734375,0.007904052734375,0.0010557174682617188,0.0167388916015625
6vpcE,E,130,V130I,0.78271484375,0.78271484375,0.21728515625,9.5859375,8.3046875,1.1920928955078125e-07,1.430511474609375e-06,0.0,5.960464477539063e-08,5.960464477539063e-08,0.0,0.0,0.78271484375,5.960464477539063e-08,6.99758529663086e-05,2.562999725341797e-06,5.960464477539063e-08,0.0,1.1920928955078125e-07,1.1920928955078125e-07,5.960464477539063e-08,2.6345252990722656e-05,0.21728515625,5.960464477539063e-08,5.960464477539063e-08
6vpcE,E,131,E131E,0.0,0.27734375,0.27734375,1.98828125,1.98828125,0.09844970703125,0.001255035400390625,0.1258544921875,0.27734375,0.0027294158935546875,0.0016984939575195312,0.0139617919921875,9.232759475708008e-05,0.1527099609375,0.0297393798828125,0.0025501251220703125,0.061309814453125,6.139278411865234e-06,0.09234619140625,0.073486328125,0.06121826171875,0.001682281494140625,0.00023484230041503906,0.0009889602661132812,0.0022640228271484375
6vpcE,E,132,I132V,0.50390625,0.50390625,0.48095703125,4.94921875,4.90234375,2.7060508728027344e-05,0.00027871131896972656,0.00015735626220703125,0.0006432533264160156,3.0338764190673828e-05,1.7881393432617188e-07,0.0004982948303222656,0.48095703125,0.004001617431640625,0.0016078948974609375,0.0001424551010131836,0.0001361370086669922,2.980232238769531e-07,0.0008730888366699219,0.0024089813232421875,0.0002853870391845703,0.0036907196044921875,0.50390625,3.1054019927978516e-05,2.9027462005615234e-05
6vpcE,E,133,T133G,0.63330078125,0.63330078125,0.01291656494140625,2.751953125,-1.140625,0.02972412109375,0.0032787322998046875,0.0157318115234375,0.081787109375,0.0009670257568359375,0.63330078125,0.009857177734375,0.004856109619140625,0.03411865234375,0.004901885986328125,0.00412750244140625,0.01165008544921875,1.823902130126953e-05,0.0223541259765625,0.059234619140625,0.057098388671875,0.01291656494140625,0.01134490966796875,0.00036072731018066406,0.0022792816162109375
6vpcE,E,134,E134K,0.389892578125,0.389892578125,0.029754638671875,2.234375,-0.33837890625,0.007904052734375,0.005306243896484375,0.00850677490234375,0.029754638671875,0.006439208984375,7.778406143188477e-05,0.1192626953125,0.004764556884765625,0.389892578125,0.0002834796905517578,0.0036182403564453125,0.0260772705078125,1.4424324035644531e-05,0.05865478515625,0.134521484375,0.10675048828125,0.056610107421875,0.01541900634765625,0.00237274169921875,0.0238037109375
6vpcE,E,135,G135G,0.0,1.0,1.0,13.84375,13.84375,0.0,0.0,1.1920928955078125e-06,5.960464477539063e-08,0.0,1.0,5.960464477539063e-08,0.0,5.960464477539063e-08,0.0,0.0,4.172325134277344e-07,7.152557373046875e-07,0.0,5.960464477539063e-08,7.152557373046875e-07,0.0,1.1920928955078125e-07,0.0,0.0
6vpcE,E,136,I136V,0.460205078125,0.460205078125,0.35009765625,4.3203125,4.046875,8.761882781982422e-05,0.002170562744140625,0.00017595291137695312,0.0001188516616821289,0.0017461776733398438,1.2516975402832031e-06,0.0010423660278320312,0.35009765625,2.014636993408203e-05,0.000507354736328125,0.0005049705505371094,0.000720977783203125,4.76837158203125e-07,0.00011426210403442383,5.233287811279297e-05,0.00035881996154785156,0.18017578125,0.460205078125,0.00032806396484375,0.0015726089477539062
6vpcE,E,137,L137L,0.0,0.8662109375,0.8662109375,3.376953125,3.376953125,0.0009927749633789062,0.0020160675048828125,0.0278778076171875,0.007114410400390625,0.0008039474487304688,1.5139579772949219e-05,0.0019664764404296875,0.006916046142578125,0.00640869140625,0.8662109375,0.02581787109375,0.0200347900390625,3.635883331298828e-06,0.007568359375,0.0167999267578125,0.005237579345703125,0.0015134811401367188,0.00173187255859375,3.999471664428711e-05,0.0009732246398925781
6vpcE,E,138,A138E,0.52294921875,0.52294921875,0.0643310546875,3.013671875,0.91796875,0.0643310546875,0.007904052734375,0.031585693359375,0.52294921875,2.962350845336914e-05,0.004520416259765625,0.0001900196075439453,4.094839096069336e-05,0.004322052001953125,5.316734313964844e-05,0.0011262893676757812,0.013702392578125,0.00026702880859375,0.02691650390625,0.01158905029296875,0.25732421875,0.052703857421875,0.00020706653594970703,0.00018858909606933594,0.00012034177780151367
6vpcE,E,139,D139E,0.335693359375,0.335693359375,0.1903076171875,2.54296875,1.9755859375,0.1597900390625,0.0002014636993408203,0.1903076171875,0.335693359375,0.0017337799072265625,0.00047969818115234375,0.006763458251953125,0.0008449554443359375,0.111083984375,0.006412506103515625,0.0014095306396484375,0.0184478759765625,3.224611282348633e-05,0.0577392578125,0.0250244140625,0.031341552734375,0.046722412109375,0.00444793701171875,0.00018489360809326172,0.0013904571533203125
6vpcE,E,140,E140E,0.0,0.546875,0.546875,2.6015625,2.6015625,0.14599609375,0.00030732154846191406,0.0197906494140625,0.546875,0.0011262893676757812,0.0004134178161621094,0.0013265609741210938,0.0047149658203125,0.0650634765625,0.037841796875,0.0044708251953125,0.0024204254150390625,2.9742717742919922e-05,0.04010009765625,0.03912353515625,0.03497314453125,0.04583740234375,0.006465911865234375,0.0011730194091796875,0.0018310546875
6vpcE,E,141,C141A,0.45361328125,0.45361328125,0.04656982421875,1.3974609375,-0.87890625,0.45361328125,0.04656982421875,0.01088714599609375,0.0256805419921875,0.010284423828125,0.0003275871276855469,0.002819061279296875,0.00775146484375,0.00321197509765625,0.0012798309326171875,0.03216552734375,0.034332275390625,4.661083221435547e-05,0.036163330078125,0.02642822265625,0.057891845703125,0.031768798828125,0.153076171875,0.05712890625,0.00859832763671875
6vpcE,E,142,A142R,0.30419921875,0.30419921875,0.1007080078125,1.65625,0.55078125,0.1007080078125,0.0009760856628417969,0.0230560302734375,0.11334228515625,0.00308990478515625,0.000762939453125,0.0090484619140625,0.00263214111328125,0.1419677734375,0.037567138671875,0.01399993896484375,0.038909912109375,1.1563301086425781e-05,0.0914306640625,0.30419921875,0.022857666015625,0.08526611328125,0.00264739990234375,0.0014944076538085938,0.00598907470703125
6vpcE,E,143,A143E,0.2314453125,0.2314453125,0.1781005859375,1.7421875,1.48046875,0.1781005859375,0.0007777214050292969,0.10101318359375,0.2314453125,0.0008425712585449219,0.0005326271057128906,0.005283355712890625,0.0003180503845214844,0.10870361328125,0.03607177734375,0.0069732666015625,0.05645751953125,5.662441253662109e-06,0.10986328125,0.07659912109375,0.039306640625,0.04559326171875,0.0003972053527832031,0.0007538795471191406,0.001026153564453125
6vpcE,E,144,L144L,0.0,0.8544921875,0.8544921875,4.04296875,4.04296875,0.0029296875,0.00020885467529296875,0.00042366981506347656,0.0016689300537109375,0.00030159950256347656,0.0002980232238769531,0.0003840923309326172,0.0016956329345703125,0.0011272430419921875,0.8544921875,0.11407470703125,0.0014553070068359375,2.980232238769531e-07,0.005672454833984375,0.0107879638671875,0.000614166259765625,0.00290679931640625,0.0006189346313476562,0.00030040740966796875,0.00011008977890014648
6vpcE,E,145,L145F,0.172119140625,0.172119140625,0.120361328125,0.78759765625,0.43017578125,0.034149169921875,0.001346588134765625,0.056793212890625,0.0391845703125,0.172119140625,0.0017709732055664062,0.051055908203125,0.002002716064453125,0.026123046875,0.120361328125,0.031341552734375,0.040740966796875,1.1861324310302734e-05,0.03204345703125,0.0863037109375,0.013916015625,0.0174407958984375,0.0007615089416503906,0.1297607421875,0.1427001953125
6vpcE,E,146,C146N,0.25390625,0.25390625,0.0016260147094726562,1.6484375,-3.40234375,0.06378173828125,0.0016260147094726562,0.10736083984375,0.1605224609375,0.0013580322265625,0.00685882568359375,0.0196075439453125,0.00021409988403320312,0.0914306640625,0.043182373046875,0.011138916015625,0.25390625,2.9206275939941406e-05,0.115234375,0.08154296875,0.029632568359375,0.00942230224609375,0.00023055076599121094,0.0011081695556640625,0.0017070770263671875
6vpcE,E,147,D147A,0.318115234375,0.318115234375,0.045257568359375,1.7265625,-0.223388671875,0.318115234375,0.0007410049438476562,0.045257568359375,0.119140625,0.00531768798828125,0.0009183883666992188,0.01264190673828125,0.0008392333984375,0.0789794921875,0.08502197265625,0.0089569091796875,0.01885986328125,1.2278556823730469e-05,0.09759521484375,0.09967041015625,0.07696533203125,0.022308349609375,0.0007266998291015625,0.0036182403564453125,0.00428009033203125
6vpcE,E,148,F148Y,0.70947265625,0.70947265625,0.2138671875,5.1953125,3.99609375,0.004425048828125,0.00041604042053222656,0.00012540817260742188,5.501508712768555e-05,0.2138671875,6.306171417236328e-05,0.0094451904296875,2.4974346160888672e-05,0.00013172626495361328,7.11679458618164e-05,6.282329559326172e-05,0.0002665519714355469,2.2649765014648438e-06,0.0001380443572998047,0.0002765655517578125,0.001285552978515625,0.00026035308837890625,0.0001150965690612793,0.05938720703125,0.70947265625
6vpcE,E,149,Y149L,0.2108154296875,0.2108154296875,0.054107666015625,0.9697265625,-0.39013671875,0.0465087890625,0.0052947998046875,0.01404571533203125,0.03857421875,0.18701171875,0.006435394287109375,0.059783935546875,0.059814453125,0.050140380859375,0.2108154296875,0.0229949951171875,0.02545166015625,0.00018393993377685547,0.045928955078125,0.05462646484375,0.018035888671875,0.0214691162109375,0.062255859375,0.0164794921875,0.054107666015625
