pdb,chain,auth_idx,mutation,mut_prob,model_prob,wt_prob,mut_logit,wt_logit,prob_A,prob_C,prob_D,prob_E,prob_F,prob_G,prob_H,prob_I,prob_K,prob_L,prob_M,prob_N,prob_P,prob_Q,prob_R,prob_S,prob_T,prob_V,prob_W,prob_Y
6vpcE,E,5,E5M,0.14453125,0.14453125,0.06787109375,0.671875,-0.083740234375,0.0963134765625,0.0036182403564453125,0.054229736328125,0.06787109375,0.01434326171875,0.0223846435546875,0.030975341796875,0.032318115234375,0.056976318359375,0.06610107421875,0.14453125,0.042083740234375,0.06488037109375,0.041259765625,0.04779052734375,0.0721435546875,0.067626953125,0.061553955078125,0.0016832351684570312,0.01134490966796875
6vpcE,E,6,F6L,0.201416015625,0.201416015625,0.00891876220703125,1.240234375,-1.876953125,0.061004638671875,0.002490997314453125,0.140625,0.053497314453125,0.00891876220703125,0.00023174285888671875,0.01508331298828125,0.0020694732666015625,0.08843994140625,0.201416015625,0.1612548828125,0.053192138671875,0.00016117095947265625,0.08990478515625,0.050750732421875,0.038360595703125,0.022735595703125,0.00356292724609375,0.0012006759643554688,0.005062103271484375
6vpcE,E,7,S7D,0.468505859375,0.468505859375,0.1429443359375,3.33984375,2.15234375,0.006862640380859375,0.0032062530517578125,0.468505859375,0.01210784912109375,9.238719940185547e-05,0.0083770751953125,0.0013761520385742188,0.00018739700317382812,0.00749969482421875,0.0016412734985351562,0.0006146430969238281,0.152099609375,5.143880844116211e-05,0.005779266357421875,0.0053253173828125,0.1429443359375,0.1827392578125,0.00036406517028808594,2.1457672119140625e-05,0.00011771917343139648
6vpcE,E,8,H8D,0.41796875,0.41796875,0.020843505859375,2.17578125,-0.82275390625,0.08184814453125,0.0004456043243408203,0.41796875,0.09521484375,0.0069580078125,0.00021970272064208984,0.020843505859375,0.00010627508163452148,0.03204345703125,0.0081634521484375,0.00445556640625,0.1612548828125,0.00010097026824951172,0.036956787109375,0.0555419921875,0.031494140625,0.016265869140625,0.00022494792938232422,0.0032291412353515625,0.0265655517578125
6vpcE,E,9,E9E,0.0,0.4248046875,0.4248046875,1.9921875,1.9921875,0.10992431640625,0.0005860328674316406,0.0307159423828125,0.4248046875,0.0028858184814453125,0.00028014183044433594,0.006313323974609375,0.002468109130859375,0.06561279296875,0.05859375,0.00243377685546875,0.01043701171875,2.3066997528076172e-05,0.037628173828125,0.078369140625,0.05853271484375,0.095703125,0.0079193115234375,0.0018558502197265625,0.004852294921875
6vpcE,E,10,Y10Y,0.0,0.364990234375,0.364990234375,2.630859375,2.630859375,0.028045654296875,0.0003807544708251953,0.04229736328125,0.01088714599609375,0.27978515625,0.00031685829162597656,0.035675048828125,1.3172626495361328e-05,0.000995635986328125,0.0002818107604980469,0.0007452964782714844,0.001422882080078125,2.2649765014648438e-06,0.0030841827392578125,0.0023822784423828125,0.0283203125,0.073974609375,3.0159950256347656e-05,0.12646484375,0.364990234375
6vpcE,E,11,W11Y,0.73974609375,0.73974609375,0.031524658203125,5.15234375,1.9970703125,0.0002789497375488281,5.346536636352539e-05,0.000141143798828125,0.000164031982421875,0.2127685546875,8.344650268554688e-07,0.0050811767578125,3.319978713989258e-05,0.0011053085327148438,0.005245208740234375,0.00084686279296875,0.0003554821014404297,8.344650268554688e-07,0.0006575584411621094,0.0014963150024414062,0.00017559528350830078,0.000225067138671875,4.5180320739746094e-05,0.031524658203125,0.73974609375
6vpcE,E,12,M12M,0.0,0.63916015625,0.63916015625,2.978515625,2.978515625,0.218994140625,0.0011234283447265625,0.0002982616424560547,0.0003287792205810547,0.00568389892578125,0.0007042884826660156,0.0013494491577148438,2.3424625396728516e-05,0.0016794204711914062,0.0010976791381835938,0.63916015625,0.0004973411560058594,1.3232231140136719e-05,0.027496337890625,0.003742218017578125,0.09326171875,0.002246856689453125,2.187490463256836e-05,1.537799835205078e-05,0.0023784637451171875
6vpcE,E,13,R13R,0.0,0.225830078125,0.225830078125,1.6162109375,1.6162109375,0.002716064453125,0.0022907257080078125,0.0192413330078125,0.1710205078125,0.0011119842529296875,0.0001289844512939453,0.00841522216796875,0.00016117095947265625,0.1419677734375,0.1595458984375,0.040374755859375,0.1177978515625,1.9669532775878906e-06,0.0987548828125,0.225830078125,0.0037841796875,0.00469207763671875,0.00025653839111328125,0.00024008750915527344,0.001735687255859375
6vpcE,E,14,H14L,0.2164306640625,0.2164306640625,0.042083740234375,1.0908203125,-0.546875,0.004383087158203125,0.00042057037353515625,0.00986480712890625,0.0859375,0.075927734375,0.0006566047668457031,0.042083740234375,0.0012311935424804688,0.0987548828125,0.2164306640625,0.0599365234375,0.0023193359375,5.364418029785156e-07,0.08746337890625,0.10699462890625,0.0034198760986328125,0.01543426513671875,0.00048613548278808594,0.005828857421875,0.1824951171875
6vpcE,E,15,A15T,0.77880859375,0.77880859375,0.09881591796875,3.8671875,1.802734375,0.09881591796875,0.0286865234375,0.00397491455078125,0.0006170272827148438,1.0788440704345703e-05,0.00015306472778320312,1.1563301086425781e-05,0.0001647472381591797,1.1265277862548828e-05,0.00012242794036865234,0.0005435943603515625,0.0031280517578125,1.9431114196777344e-05,9.995698928833008e-05,5.143880844116211e-05,0.0216217041015625,0.77880859375,0.06298828125,4.76837158203125e-07,1.4126300811767578e-05
6vpcE,E,16,L16L,0.0,0.67626953125,0.67626953125,2.294921875,2.294921875,0.00513458251953125,0.00028967857360839844,0.020843505859375,0.0167083740234375,0.0408935546875,0.00293731689453125,0.0172119140625,0.0015535354614257812,0.0010976791381835938,0.67626953125,0.144775390625,0.0122222900390625,1.1920928955078125e-06,0.0257568359375,0.01035308837890625,0.002674102783203125,0.006855010986328125,8.106231689453125e-05,0.0007424354553222656,0.01345062255859375
6vpcE,E,17,T17A,0.2191162109375,0.2191162109375,0.046630859375,1.1875,-0.35986328125,0.2191162109375,0.002704620361328125,0.10369873046875,0.14306640625,0.00458526611328125,0.03216552734375,0.00875091552734375,0.0007224082946777344,0.045196533203125,0.0531005859375,0.0203857421875,0.054412841796875,1.6033649444580078e-05,0.0894775390625,0.08587646484375,0.08160400390625,0.046630859375,0.0008678436279296875,0.0026111602783203125,0.005054473876953125
6vpcE,E,18,L18L,0.0,0.94775390625,0.94775390625,4.33984375,4.33984375,0.0005755424499511719,0.0002028942108154297,0.0002371072769165039,0.0006113052368164062,0.004932403564453125,0.00015366077423095703,0.00048828125,0.0008196830749511719,0.0005974769592285156,0.94775390625,0.0294342041015625,0.00023853778839111328,5.960464477539062e-07,0.0015163421630859375,0.0009307861328125,0.00020205974578857422,0.0002593994140625,6.383657455444336e-05,0.0008878707885742188,0.01031494140625
6vpcE,E,19,A19A,0.0,0.6484375,0.6484375,6.07421875,6.07421875,0.6484375,6.22868537902832e-05,0.000682830810546875,0.0001628398895263672,8.58306884765625e-06,0.003154754638671875,1.6808509826660156e-05,1.1920928955078125e-07,9.417533874511719e-06,1.6689300537109375e-06,1.8656253814697266e-05,0.0005578994750976562,4.172325134277344e-06,6.896257400512695e-05,5.59687614440918e-05,0.346923828125,1.9252300262451172e-05,4.172325134277344e-07,2.9206275939941406e-06,4.0531158447265625e-06
6vpcE,E,20,K20L,0.464599609375,0.464599609375,0.09564208984375,2.205078125,0.62451171875,0.0181427001953125,0.00400543212890625,0.00347900390625,0.052764892578125,0.0032062530517578125,0.0005164146423339844,0.005794525146484375,0.0011882781982421875,0.09564208984375,0.464599609375,0.0270233154296875,0.0105133056640625,1.1324882507324219e-06,0.048583984375,0.248779296875,0.0026683807373046875,0.004581451416015625,0.0008916854858398438,0.0037689208984375,0.0037403106689453125
6vpcE,E,21,R21Q,0.16015625,0.16015625,0.065673828125,0.72119140625,-0.170166015625,0.113037109375,0.0027103424072265625,0.044403076171875,0.125244140625,0.0389404296875,0.0025119781494140625,0.016265869140625,0.01551055908203125,0.05670166015625,0.159912109375,0.038330078125,0.0306854248046875,1.3470649719238281e-05,0.16015625,0.065673828125,0.035003662109375,0.0394287109375,0.0089263916015625,0.015777587890625,0.03082275390625
6vpcE,E,22,A22A,0.0,0.84765625,0.84765625,3.029296875,3.029296875,0.84765625,0.0025482177734375,0.00423431396484375,0.023162841796875,0.0005984306335449219,0.0009431838989257812,0.0010461807250976562,7.402896881103516e-05,0.00461578369140625,0.02587890625,0.0031414031982421875,0.007694244384765625,6.92605972290039e-05,0.0264739990234375,0.01174163818359375,0.03533935546875,0.002376556396484375,0.0009016990661621094,0.0005469322204589844,0.001033782958984375
6vpcE,E,23,R23M,0.3701171875,0.3701171875,0.05078125,1.740234375,-0.2459716796875,0.0899658203125,0.003208160400390625,0.00572967529296875,0.040130615234375,0.0010013580322265625,0.0009517669677734375,0.0015630722045898438,0.00174713134765625,0.0178985595703125,0.05615234375,0.3701171875,0.007228851318359375,7.569789886474609e-06,0.1588134765625,0.05078125,0.02264404296875,0.0038852691650390625,0.0008597373962402344,0.1661376953125,0.00135040283203125
6vpcE,E,24,D24G,0.365234375,0.365234375,0.0748291015625,1.666015625,0.0810546875,0.028778076171875,0.0064849853515625,0.0748291015625,0.03839111328125,0.02227783203125,0.365234375,0.0225830078125,0.00853729248046875,0.04962158203125,0.0484619140625,0.0235595703125,0.0924072265625,0.00010335445404052734,0.052947998046875,0.06298828125,0.0250244140625,0.0213775634765625,0.006927490234375,0.0311431884765625,0.018310546875
6vpcE,E,25,E25L,0.18505859375,0.18505859375,0.1552734375,1.025390625,0.85009765625,0.092041015625,0.0025005340576171875,0.152099609375,0.1552734375,0.021087646484375,0.00678253173828125,0.013885498046875,5.710124969482422e-05,0.035736083984375,0.18505859375,0.10162353515625,0.062103271484375,4.827976226806641e-06,0.09234619140625,0.0307159423828125,0.0237884521484375,0.00022399425506591797,3.0934810638427734e-05,0.01552581787109375,0.00905609130859375
6vpcE,E,26,R26K,0.42236328125,0.42236328125,0.1722412109375,2.40234375,1.505859375,0.01154327392578125,0.003124237060546875,0.040618896484375,0.08966064453125,0.001399993896484375,0.00026679039001464844,0.01078033447265625,0.006214141845703125,0.42236328125,0.01433563232421875,0.002986907958984375,0.06512451171875,1.6093254089355469e-06,0.10162353515625,0.1722412109375,0.0168609619140625,0.01091766357421875,0.0286712646484375,0.00028061866760253906,0.0010385513305664062
6vpcE,E,27,E27E,0.0,0.9375,0.9375,5.20703125,5.20703125,0.0028514862060546875,0.0005574226379394531,0.0008234977722167969,0.9375,0.00017023086547851562,0.00010067224502563477,0.009735107421875,1.1920928955078125e-07,8.493661880493164e-05,0.0001233816146850586,0.0005865097045898438,0.001117706298828125,5.960464477539063e-08,0.04376220703125,0.0006194114685058594,0.0019464492797851562,2.0503997802734375e-05,6.556510925292969e-07,6.514787673950195e-05,0.00015032291412353516
6vpcE,E,28,V28I,0.380615234375,0.380615234375,0.295654296875,1.92578125,1.6728515625,0.00202178955078125,0.0021266937255859375,0.0701904296875,0.03594970703125,0.03948974609375,1.9609928131103516e-05,0.0167236328125,0.380615234375,0.006412506103515625,0.01276397705078125,0.00215911865234375,0.0299072265625,2.0384788513183594e-05,0.00543975830078125,0.01056671142578125,0.002399444580078125,0.04052734375,0.295654296875,0.0043792724609375,0.0426025390625
6vpcE,E,29,P29P,0.0,1.0,1.0,25.546875,25.546875,0.0,0.0,0.0,0.0,0.0,1.7881393432617188e-07,0.0,0.0,0.0,0.0,0.0,0.0,1.0,0.0,0.0,0.0,0.0,0.0,0.0,0.0
6vpcE,E,30,V30D,0.338623046875,0.338623046875,0.20849609375,1.4677734375,0.98291015625,0.004207611083984375,0.0007562637329101562,0.338623046875,0.11273193359375,0.0037136077880859375,0.00685882568359375,0.0222625732421875,0.10443115234375,0.021209716796875,0.01274871826171875,0.0014324188232421875,0.03839111328125,8.344650268554688e-07,0.0270538330078125,0.075927734375,0.01274871826171875,0.005695343017578125,0.20849609375,0.00011461973190307617,0.0025634765625
6vpcE,E,31,G31G,0.0,0.9892578125,0.9892578125,7.3984375,7.3984375,0.00968170166015625,0.00010061264038085938,9.715557098388672e-06,9.179115295410156e-06,1.5020370483398438e-05,0.9892578125,6.973743438720703e-06,1.7881393432617188e-07,1.9073486328125e-06,1.430511474609375e-06,6.616115570068359e-06,2.104043960571289e-05,4.589557647705078e-06,1.1205673217773438e-05,8.106231689453125e-06,0.0009551048278808594,3.5762786865234375e-06,2.086162567138672e-06,3.0994415283203125e-06,1.3530254364013672e-05
6vpcE,E,32,A32A,0.0,0.9404296875,0.9404296875,6.1953125,6.1953125,0.9404296875,0.005252838134765625,8.559226989746094e-05,1.049041748046875e-05,1.990795135498047e-05,4.678964614868164e-05,2.2351741790771484e-05,6.556510925292969e-07,1.3709068298339844e-06,3.5762786865234375e-06,7.450580596923828e-05,4.655122756958008e-05,5.960464477539062e-07,1.6748905181884766e-05,5.304813385009766e-06,0.0535888671875,0.00015926361083984375,5.1915645599365234e-05,1.1920928955078125e-07,2.7418136596679688e-06
6vpcE,E,33,V33V,0.0,0.7998046875,0.7998046875,4.6171875,4.6171875,0.0016355514526367188,0.0012617111206054688,2.6464462280273438e-05,2.2292137145996094e-05,7.081031799316406e-05,8.940696716308594e-07,2.753734588623047e-05,0.1873779296875,5.602836608886719e-05,0.00711822509765625,0.0015897750854492188,5.4717063903808594e-05,5.960464477539063e-08,2.664327621459961e-05,0.00010305643081665039,0.00014078617095947266,0.0005130767822265625,0.7998046875,0.00013387203216552734,8.118152618408203e-05
6vpcE,E,34,L34L,0.0,0.99951171875,0.99951171875,8.1484375,8.1484375,4.172325134277344e-07,1.7881393432617188e-06,5.960464477539063e-08,3.5762786865234375e-07,0.00014328956604003906,0.0,2.2649765014648438e-06,0.00022518634796142578,3.5762786865234375e-07,0.99951171875,0.00010013580322265625,2.384185791015625e-07,0.0,4.76837158203125e-07,2.384185791015625e-07,5.960464477539063e-08,2.384185791015625e-07,3.1948089599609375e-05,5.960464477539062e-07,0.00018084049224853516
6vpcE,E,35,V35V,0.0,0.9560546875,0.9560546875,5.8984375,5.8984375,0.0007805824279785156,0.0005693435668945312,8.940696716308594e-06,0.0002313852310180664,6.240606307983398e-05,1.7881393432617188e-07,7.283687591552734e-05,0.0267486572265625,0.0001703500747680664,5.155801773071289e-05,0.00013136863708496094,1.1146068572998047e-05,5.960464477539063e-08,6.949901580810547e-05,0.00010722875595092773,0.0003666877746582031,0.0145263671875,0.9560546875,3.123283386230469e-05,8.094310760498047e-05
6vpcE,E,36,L36K,0.79736328125,0.79736328125,8.857250213623047e-05,5.03515625,-4.0703125,0.002254486083984375,0.0001494884490966797,1.5497207641601562e-05,0.0008034706115722656,1.3709068298339844e-06,2.765655517578125e-05,0.00034689903259277344,0.000820159912109375,0.79736328125,8.857250213623047e-05,0.003551483154296875,7.003545761108398e-05,5.960464477539062e-07,0.10382080078125,0.08538818359375,0.0019779205322265625,0.0022563934326171875,0.0009264945983886719,4.410743713378906e-06,2.4437904357910156e-06
6vpcE,E,37,N37D,0.444580078125,0.444580078125,0.393798828125,3.697265625,3.576171875,0.011505126953125,0.000453948974609375,0.444580078125,0.037841796875,0.0024356842041015625,0.0006566047668457031,0.03533935546875,3.635883331298828e-06,0.0213623046875,0.0008091926574707031,0.0003771781921386719,0.393798828125,1.7285346984863281e-06,0.01061248779296875,0.01800537109375,0.0173797607421875,0.00020420551300048828,1.5437602996826172e-05,0.0005726814270019531,0.00402069091796875
6vpcE,E,38,N38N,0.0,0.275146484375,0.275146484375,2.298828125,2.298828125,0.01320648193359375,0.0009064674377441406,0.25830078125,0.12481689453125,0.0047607421875,0.00017952919006347656,0.0301666259765625,0.00015485286712646484,0.090576171875,0.0083465576171875,0.0030612945556640625,0.275146484375,4.649162292480469e-06,0.07855224609375,0.059417724609375,0.0447998046875,0.002197265625,0.0007243156433105469,0.0008401870727539062,0.0038661956787109375
6vpcE,E,39,R39K,0.340576171875,0.340576171875,0.08544921875,2.857421875,1.474609375,0.0048828125,0.0013360977172851562,0.002773284912109375,0.275146484375,9.125471115112305e-05,7.051229476928711e-05,0.0018405914306640625,0.01035308837890625,0.340576171875,0.0035648345947265625,0.0028228759765625,0.004177093505859375,1.1920928955078125e-06,0.1260986328125,0.08544921875,0.00800323486328125,0.08782958984375,0.04473876953125,2.002716064453125e-05,0.00010544061660766602
6vpcE,E,40,V40I,0.488525390625,0.488525390625,0.333740234375,3.05078125,2.669921875,0.0017690658569335938,0.0026302337646484375,0.00020563602447509766,0.010101318359375,0.0004968643188476562,9.864568710327148e-05,0.0002015829086303711,0.488525390625,0.004253387451171875,0.0787353515625,0.006683349609375,0.00029921531677246094,4.082918167114258e-05,0.00441741943359375,0.005069732666015625,0.0016489028930664062,0.060455322265625,0.333740234375,0.00015401840209960938,0.00024890899658203125
6vpcE,E,41,I41I,0.0,0.56787109375,0.56787109375,6.39453125,6.39453125,1.3709068298339844e-06,8.821487426757812e-06,9.5367431640625e-07,3.0219554901123047e-05,5.555152893066406e-05,5.960464477539063e-08,1.3768672943115234e-05,0.56787109375,5.9545040130615234e-05,0.00833892822265625,6.341934204101562e-05,1.1920928955078125e-06,5.960464477539063e-08,2.5451183319091797e-05,7.784366607666016e-05,7.748603820800781e-07,9.137392044067383e-05,0.423583984375,1.531839370727539e-05,5.6624412536621094e-05
6vpcE,E,42,G42G,0.0,0.9990234375,0.9990234375,9.5546875,9.5546875,0.0008983612060546875,1.3470649719238281e-05,5.960464477539063e-08,1.7881393432617188e-07,1.430511474609375e-06,0.9990234375,1.7881393432617188e-07,5.960464477539063e-08,5.960464477539063e-08,5.364418029785156e-07,7.152557373046875e-07,3.2186508178710938e-06,5.364418029785156e-07,4.172325134277344e-07,1.7881393432617188e-07,0.00019800662994384766,3.5762786865234375e-07,3.5762786865234375e-07,1.1920928955078125e-07,2.2649765014648438e-06
6vpcE,E,43,E43M,0.296875,0.296875,0.1876220703125,1.8759765625,1.4169921875,0.00414276123046875,0.00513458251953125,0.00017201900482177734,0.1876220703125,0.0007982254028320312,6.252527236938477e-05,0.0002694129943847656,0.01496124267578125,0.06829833984375,0.1883544921875,0.296875,0.00048232078552246094,7.092952728271484e-06,0.12237548828125,0.0364990234375,0.0020427703857421875,0.03271484375,0.03875732421875,9.167194366455078e-05,0.00016999244689941406
6vpcE,E,44,G44G,0.0,1.0,1.0,9.8359375,9.8359375,3.30805778503418e-05,7.748603820800781e-06,2.0265579223632812e-06,3.5762786865234375e-06,1.7285346984863281e-06,1.0,1.7285346984863281e-06,1.7881393432617188e-07,3.2782554626464844e-06,1.6689300537109375e-06,4.76837158203125e-07,2.6226043701171875e-06,5.960464477539063e-08,1.8477439880371094e-06,6.318092346191406e-06,6.22868537902832e-05,1.7881393432617188e-07,3.5762786865234375e-07,1.7881393432617188e-07,6.020069122314453e-06
6vpcE,E,45,W45V,0.61474609375,0.61474609375,0.00021517276763916016,3.0078125,-4.94921875,0.0219573974609375,0.002819061279296875,1.7881393432617188e-05,0.000324249267578125,0.0003426074981689453,0.0014448165893554688,8.869171142578125e-05,0.052490234375,7.581710815429688e-05,0.0009531974792480469,0.0244598388671875,0.00010567903518676758,7.611513137817383e-05,0.0007810592651367188,0.0003082752227783203,0.0102996826171875,0.2685546875,0.61474609375,0.00021517276763916016,0.00022912025451660156
6vpcE,E,46,N46E,0.341064453125,0.341064453125,0.1741943359375,1.4814453125,0.8095703125,0.011260986328125,0.03094482421875,0.07757568359375,0.341064453125,0.0134124755859375,5.27501106262207e-05,0.1378173828125,0.0007686614990234375,0.0048675537109375,0.002773284912109375,0.0019178390502929688,0.1741943359375,2.205371856689453e-06,0.0400390625,0.01168060302734375,0.0222320556640625,0.07086181640625,0.001354217529296875,0.00983428955078125,0.04742431640625
6vpcE,E,47,R47R,0.0,0.26611328125,0.26611328125,1.4091796875,1.4091796875,0.001529693603515625,0.0185394287109375,0.004802703857421875,0.03448486328125,0.002349853515625,0.00015616416931152344,0.00510406494140625,0.08477783203125,0.216796875,0.026214599609375,0.06280517578125,0.0115203857421875,1.0073184967041016e-05,0.07000732421875,0.26611328125,0.001422882080078125,0.0751953125,0.11663818359375,0.0003533363342285156,0.0012025833129882812
6vpcE,E,48,A48A,0.0,0.4873046875,0.4873046875,2.162109375,2.162109375,0.4873046875,0.005718231201171875,0.0289459228515625,0.01202392578125,0.00605010986328125,0.00035500526428222656,0.01678466796875,0.00010907649993896484,0.0281829833984375,0.001125335693359375,0.0032901763916015625,0.0209197998046875,0.001392364501953125,0.0205535888671875,0.06622314453125,0.285400390625,0.006542205810546875,0.000392913818359375,0.0040130615234375,0.0048065185546875
6vpcE,E,49,I49R,0.1683349609375,0.1683349609375,0.148193359375,0.8466796875,0.7197265625,0.053466796875,0.000804901123046875,0.0106201171875,0.053741455078125,0.02398681640625,0.00025916099548339844,0.0129547119140625,0.148193359375,0.11474609375,0.0653076171875,0.0102691650390625,0.01052093505859375,4.780292510986328e-05,0.06890869140625,0.1683349609375,0.01403045654296875,0.035980224609375,0.1422119140625,0.0259552001953125,0.03961181640625
6vpcE,E,50,G50G,0.0,0.99951171875,0.99951171875,8.90625,8.90625,0.00013017654418945312,6.139278411865234e-06,1.049041748046875e-05,2.0265579223632812e-05,9.5367431640625e-07,0.99951171875,2.9027462005615234e-05,1.7881393432617188e-06,8.612871170043945e-05,5.239248275756836e-05,3.2782554626464844e-06,2.759695053100586e-05,1.7881393432617188e-06,5.5909156799316406e-05,7.152557373046875e-05,0.00012022256851196289,1.9073486328125e-06,1.2516975402832031e-06,7.152557373046875e-07,4.172325134277344e-07
6vpcE,E,51,L51T,0.87939453125,0.87939453125,0.0163421630859375,3.96484375,-0.0208740234375,0.0017147064208984375,0.0004010200500488281,0.0002244710922241211,0.004955291748046875,0.004360198974609375,1.6689300537109375e-06,0.0096282958984375,0.00039458274841308594,0.0157318115234375,0.0163421630859375,0.00691986083984375,0.00481414794921875,2.980232238769531e-07,0.00942230224609375,0.0226593017578125,0.017822265625,0.87939453125,0.0022869110107421875,0.00038933753967285156,0.002475738525390625
6vpcE,E,52,H52N,0.5419921875,0.5419921875,0.047576904296875,2.44140625,0.0086669921875,0.03369140625,0.003574371337890625,0.10223388671875,0.016754150390625,0.00905609130859375,0.036102294921875,0.047576904296875,0.00032520294189453125,0.037322998046875,0.017059326171875,0.004138946533203125,0.5419921875,9.357929229736328e-06,0.039642333984375,0.046356201171875,0.055267333984375,0.0024509429931640625,0.00048828125,0.0016326904296875,0.00444793701171875
6vpcE,E,53,D53D,0.0,0.52001953125,0.52001953125,5.6484375,5.6484375,0.0002338886260986328,0.0008172988891601562,0.52001953125,0.0005049705505371094,0.00011223554611206055,4.351139068603516e-06,0.00041294097900390625,2.9146671295166016e-05,0.00011044740676879883,5.525350570678711e-05,7.742643356323242e-05,0.475341796875,1.7881393432617188e-07,0.0002524852752685547,0.0002092123031616211,0.0012912750244140625,5.9604644775390625e-05,1.913309097290039e-05,0.00014925003051757812,0.00011175870895385742
6vpcE,E,54,P54P,0.0,0.99072265625,0.99072265625,6.16796875,6.16796875,0.0001690387725830078,2.4259090423583984e-05,0.0006022453308105469,0.00026917457580566406,0.0004343986511230469,3.141164779663086e-05,0.0001589059829711914,0.0014829635620117188,0.0005030632019042969,0.00019121170043945312,7.444620132446289e-05,0.0003955364227294922,0.99072265625,0.00013172626495361328,0.0005006790161132812,0.0003833770751953125,0.0008153915405273438,0.0029010772705078125,9.375810623168945e-05,6.645917892456055e-05
6vpcE,E,55,T55L,0.1837158203125,0.1837158203125,0.040771484375,0.8173828125,-0.6884765625,0.0421142578125,0.0037212371826171875,0.137939453125,0.0606689453125,0.048919677734375,0.0002124309539794922,0.0265960693359375,0.0035037994384765625,0.095703125,0.1837158203125,0.034423828125,0.09759521484375,1.33514404296875e-05,0.0697021484375,0.07861328125,0.0301971435546875,0.040771484375,0.00467681884765625,0.005207061767578125,0.03558349609375
6vpcE,E,56,A56A,0.0,0.2939453125,0.2939453125,0.64892578125,0.64892578125,0.2939453125,0.056060791015625,0.0889892578125,0.16357421875,0.005977630615234375,0.013763427734375,0.0232086181640625,6.854534149169922e-06,0.0462646484375,0.0016994476318359375,0.01061248779296875,0.166259765625,1.8656253814697266e-05,0.047821044921875,0.036407470703125,0.0245361328125,0.0002830028533935547,7.677078247070312e-05,0.0013494491577148438,0.01922607421875
6vpcE,E,57,H57S,0.4990234375,0.4990234375,0.00048732757568359375,4.671875,-2.259765625,8.702278137207031e-05,0.0034313201904296875,0.0003578662872314453,1.2576580047607422e-05,0.0003750324249267578,0.01395416259765625,0.00048732757568359375,2.09808349609375e-05,0.0002837181091308594,0.0007381439208984375,0.00018966197967529297,0.0005331039428710938,1.7881393432617188e-07,8.189678192138672e-05,0.00023603439331054688,0.4990234375,0.47998046875,1.0192394256591797e-05,6.556510925292969e-05,0.00016069412231445312
6vpcE,E,58,A58A,0.0,0.96044921875,0.96044921875,7.140625,7.140625,0.96044921875,0.0012655258178710938,0.00847625732421875,9.942054748535156e-05,1.1444091796875e-05,6.461143493652344e-05,0.0012989044189453125,0.0,2.086162567138672e-06,2.384185791015625e-07,3.2186508178710938e-06,0.0004930496215820312,2.6226043701171875e-06,2.4199485778808594e-05,2.86102294921875e-06,0.0275726318359375,1.6093254089355469e-06,5.960464477539063e-08,3.159046173095703e-06,9.238719940185547e-06
6vpcE,E,59,E59I,0.505859375,0.505859375,0.11810302734375,2.513671875,1.05859375,0.002231597900390625,0.01354217529296875,0.004901885986328125,0.11810302734375,0.00018465518951416016,1.4722347259521484e-05,0.0011091232299804688,0.505859375,6.711483001708984e-05,0.0025043487548828125,0.01398468017578125,0.0019969940185546875,1.5497207641601562e-06,0.013397216796875,0.0001399517059326172,0.0026187896728515625,0.1390380859375,0.1796875,9.924173355102539e-05,0.0003104209899902344
6vpcE,E,60,I60I,0.0,0.19921875,0.19921875,0.5810546875,0.5810546875,0.045379638671875,0.0020771026611328125,0.00688934326171875,0.0202484130859375,0.0274200439453125,0.0001876354217529297,0.0513916015625,0.19921875,0.0364990234375,0.0021381378173828125,0.0640869140625,0.13330078125,1.233816146850586e-05,0.06219482421875,0.1351318359375,0.01092529296875,0.066162109375,0.11798095703125,0.00101470947265625,0.0177154541015625
6vpcE,E,61,M61T,0.2998046875,0.2998046875,0.0276336669921875,1.58984375,-0.79443359375,0.0306854248046875,0.0012445449829101562,0.03021240234375,0.1458740234375,0.0010776519775390625,0.003093719482421875,0.00726318359375,0.003383636474609375,0.09002685546875,0.0283355712890625,0.0276336669921875,0.017669677734375,1.9550323486328125e-05,0.10504150390625,0.122314453125,0.08282470703125,0.2998046875,0.001766204833984375,0.000514984130859375,0.0011491775512695312
6vpcE,E,62,A62A,0.0,0.9892578125,0.9892578125,6.6171875,6.6171875,0.9892578125,0.004589080810546875,6.318092346191406e-06,9.953975677490234e-06,1.1324882507324219e-06,6.258487701416016e-06,1.7881393432617188e-07,1.430511474609375e-06,1.0728836059570312e-06,7.271766662597656e-06,5.698204040527344e-05,5.424022674560547e-06,3.516674041748047e-06,8.58306884765625e-06,5.960464477539062e-07,0.003093719482421875,0.0023403167724609375,0.0007476806640625,5.960464477539063e-08,4.76837158203125e-07
6vpcE,E,63,L63L,0.0,0.97509765625,0.97509765625,8.0234375,8.0234375,4.172325134277344e-07,2.8014183044433594e-06,0.0,5.960464477539062e-07,1.2040138244628906e-05,0.0,5.364418029785156e-07,0.024505615234375,2.384185791015625e-07,0.97509765625,2.0205974578857422e-05,3.5762786865234375e-07,0.0,1.0728836059570312e-06,2.980232238769531e-07,5.960464477539063e-08,1.9073486328125e-06,0.0002092123031616211,5.960464477539063e-08,2.086162567138672e-06
6vpcE,E,64,R64R,0.0,0.205810546875,0.205810546875,0.958984375,0.958984375,0.043701171875,0.006603240966796875,0.0252838134765625,0.06304931640625,0.0182342529296875,0.0012359619140625,0.01641845703125,0.0202789306640625,0.11187744140625,0.20166015625,0.041748046875,0.07415771484375,1.0311603546142578e-05,0.0809326171875,0.205810546875,0.023681640625,0.0247802734375,0.01556396484375,0.00959014892578125,0.0153350830078125
6vpcE,E,65,Q65Q,0.0,0.421630859375,0.421630859375,2.634765625,2.634765625,0.00982666015625,0.0005474090576171875,0.0056304931640625,0.2265625,0.0004887580871582031,0.0004520416259765625,0.004901885986328125,0.0029354095458984375,0.179931640625,0.0159759521484375,0.02545166015625,0.0089111328125,1.1265277862548828e-05,0.421630859375,0.0531005859375,0.004550933837890625,0.036224365234375,0.0025959014892578125,0.00011837482452392578,0.000324249267578125
6vpcE,E,66,G66G,0.0,0.95166015625,0.95166015625,5.98046875,5.98046875,0.044586181640625,0.0016584396362304688,6.854534149169922e-06,4.410743713378906e-06,0.0002682209014892578,0.95166015625,2.0265579223632812e-05,1.0132789611816406e-05,1.1324882507324219e-06,2.8192996978759766e-05,0.0005002021789550781,7.033348083496094e-06,3.2007694244384766e-05,9.238719940185547e-06,1.8477439880371094e-06,0.0006918907165527344,0.00020694732666015625,0.000164031982421875,4.565715789794922e-05,0.00015556812286376953
6vpcE,E,67,G67R,0.493896484375,0.493896484375,0.04339599609375,3.169921875,0.73828125,0.0003612041473388672,0.0296478271484375,9.09566879272461e-05,0.00196075439453125,4.76837158203125e-06,0.04339599609375,0.0001398324966430664,0.00023508071899414062,0.1282958984375,1.609325408935547e-05,0.1778564453125,0.0035457611083984375,2.390146255493164e-05,0.1175537109375,0.493896484375,0.002208709716796875,0.0005173683166503906,0.00019109249114990234,7.510185241699219e-06,4.947185516357422e-06
6vpcE,E,68,L68E,0.1878662109375,0.1878662109375,0.0258026123046875,1.271484375,-0.7138671875,0.08807373046875,0.0014972686767578125,0.046539306640625,0.1878662109375,0.006465911865234375,0.009368896484375,0.0260467529296875,0.0018205642700195312,0.1253662109375,0.0258026123046875,0.023345947265625,0.12158203125,1.8656253814697266e-05,0.12841796875,0.09881591796875,0.08123779296875,0.01971435546875,0.00145721435546875,0.0011320114135742188,0.005390167236328125
6vpcE,E,69,V69V,0.0,0.79443359375,0.79443359375,5.12109375,5.12109375,0.00047898292541503906,1.9073486328125e-05,4.267692565917969e-05,0.0017213821411132812,0.0008859634399414062,5.364418029785156e-07,0.00044035911560058594,0.1768798828125,0.0101318359375,0.0021686553955078125,0.00019657611846923828,0.00015544891357421875,2.384185791015625e-07,0.001605987548828125,0.006114959716796875,0.0002739429473876953,0.0037822723388671875,0.79443359375,2.7239322662353516e-05,0.0005016326904296875
6vpcE,E,70,M70L,0.91015625,0.91015625,0.056121826171875,3.93359375,1.1474609375,0.0005636215209960938,0.00017261505126953125,0.0003113746643066406,0.003025054931640625,0.0029315948486328125,1.8417835235595703e-05,0.00027370452880859375,0.0027561187744140625,0.0037860870361328125,0.91015625,0.056121826171875,0.0005202293395996094,1.7881393432617188e-07,0.001575469970703125,0.007293701171875,0.00252532958984375,0.00498199462890625,0.0009012222290039062,0.0003514289855957031,0.0016508102416992188
6vpcE,E,71,Q71K,0.4736328125,0.4736328125,0.1279296875,3.091796875,1.783203125,0.007694244384765625,0.00262451171875,0.0274505615234375,0.127197265625,0.0003266334533691406,0.01309967041015625,0.013153076171875,0.0003819465637207031,0.4736328125,0.0025844573974609375,0.0031719207763671875,0.0762939453125,1.8477439880371094e-06,0.1279296875,0.1119384765625,0.00948333740234375,0.001522064208984375,0.0011625289916992188,6.115436553955078e-05,0.0002167224884033203
6vpcE,E,72,N72D,0.4033203125,0.4033203125,0.3671875,4.3515625,4.2578125,0.0005507469177246094,0.0169830322265625,0.4033203125,0.000545501708984375,0.00011658668518066406,2.104043960571289e-05,0.003551483154296875,2.4437904357910156e-06,0.0006232261657714844,4.786252975463867e-05,3.5703182220458984e-05,0.3671875,5.960464477539063e-08,0.0002868175506591797,0.0006480216979980469,0.205078125,0.0006871223449707031,4.5299530029296875e-06,0.00021195411682128906,0.00022172927856445312
6vpcE,E,73,Y73E,0.203125,0.203125,0.00566864013671875,1.3583984375,-2.220703125,0.12469482421875,0.001255035400390625,0.0487060546875,0.203125,0.008087158203125,0.0007929801940917969,0.01995849609375,0.007305145263671875,0.1920166015625,0.0152587890625,0.0037899017333984375,0.03021240234375,0.0021724700927734375,0.046630859375,0.048187255859375,0.1563720703125,0.056640625,0.0255584716796875,0.003582000732421875,0.00566864013671875
6vpcE,E,74,R74D,0.2236328125,0.2236328125,0.07733154296875,1.119140625,0.05712890625,0.0258026123046875,0.012847900390625,0.2236328125,0.1046142578125,0.0035991668701171875,0.0008301734924316406,0.0162353515625,0.0217132568359375,0.116943359375,0.01519012451171875,0.0016613006591796875,0.1514892578125,2.9802322387695312e-05,0.027252197265625,0.07733154296875,0.0870361328125,0.059783935546875,0.0443115234375,0.0012865066528320312,0.00858306884765625
6vpcE,E,75,L75L,0.0,0.99853515625,0.99853515625,6.890625,6.890625,7.152557373046875e-07,0.0002486705780029297,1.7285346984863281e-06,5.841255187988281e-06,5.0008296966552734e-05,0.0,0.00010341405868530273,2.8133392333984375e-05,1.9669532775878906e-05,0.99853515625,0.0006585121154785156,1.0251998901367188e-05,0.0,0.00011354684829711914,1.6570091247558594e-05,3.0994415283203125e-06,9.5367431640625e-07,2.8014183044433594e-06,7.748603820800781e-07,8.046627044677734e-06
6vpcE,E,76,I76Y,0.189453125,0.189453125,0.0142974853515625,1.09765625,-1.486328125,0.038421630859375,0.0015249252319335938,0.12030029296875,0.07421875,0.1285400390625,0.00015246868133544922,0.0631103515625,0.0142974853515625,0.072509765625,0.032989501953125,0.0021076202392578125,0.033843994140625,5.924701690673828e-05,0.0166473388671875,0.048431396484375,0.046295166015625,0.0865478515625,0.0157318115234375,0.0148773193359375,0.189453125
6vpcE,E,77,D77D,0.0,0.52587890625,0.52587890625,3.25390625,3.25390625,0.01241302490234375,0.001209259033203125,0.52587890625,0.078369140625,0.00469207763671875,4.124641418457031e-05,0.0153045654296875,0.0007381439208984375,0.038665771484375,0.007022857666015625,0.003307342529296875,0.2314453125,9.298324584960938e-06,0.0192718505859375,0.024017333984375,0.027191162109375,0.00323486328125,0.0010366439819335938,0.0008921623229980469,0.005527496337890625
6vpcE,E,78,A78S,0.7216796875,0.7216796875,0.10589599609375,3.66796875,1.7490234375,0.10589599609375,0.1533203125,4.4465065002441406e-05,0.00022304058074951172,0.00018930435180664062,0.0012149810791015625,0.000213623046875,3.6716461181640625e-05,6.258487701416016e-06,6.568431854248047e-05,0.0010786056518554688,0.0002732276916503906,7.748603820800781e-06,0.00014913082122802734,8.404254913330078e-06,0.7216796875,0.01500701904296875,0.00015687942504882812,0.00015819072723388672,0.00014400482177734375
6vpcE,E,79,T79T,0.0,0.3701171875,0.3701171875,1.109375,1.109375,0.00856781005859375,0.0233917236328125,0.0165863037109375,0.11309814453125,0.005374908447265625,0.014404296875,0.0276641845703125,0.0543212890625,0.0745849609375,0.001628875732421875,0.0126190185546875,0.02227783203125,1.3113021850585938e-05,0.0249481201171875,0.104736328125,0.023712158203125,0.3701171875,0.0750732421875,0.0066986083984375,0.020233154296875
6vpcE,E,80,L80L,0.0,0.99462890625,0.99462890625,6.90625,6.90625,2.5153160095214844e-05,4.89354133605957e-05,1.1920928955078125e-07,2.2649765014648438e-06,4.482269287109375e-05,4.172325134277344e-07,1.1086463928222656e-05,0.0030956268310546875,6.556510925292969e-07,0.99462890625,0.0001888275146484375,1.3709068298339844e-06,0.0,5.0067901611328125e-06,4.76837158203125e-07,2.1457672119140625e-06,8.225440979003906e-06,0.0020751953125,1.6093254089355469e-06,1.4901161193847656e-05
6vpcE,E,81,Y81W,0.5224609375,0.5224609375,0.32080078125,5.58984375,5.1015625,3.844499588012695e-05,8.249282836914062e-05,1.2576580047607422e-05,4.887580871582031e-06,0.152099609375,3.159046173095703e-06,0.002666473388671875,0.0003266334533691406,5.066394805908203e-06,3.534555435180664e-05,7.43865966796875e-05,8.779764175415039e-05,4.172325134277344e-07,7.748603820800781e-06,3.069639205932617e-05,9.131431579589844e-05,0.0002837181091308594,0.0008411407470703125,0.5224609375,0.32080078125
6vpcE,E,82,V82V,0.0,0.78857421875,0.78857421875,3.578125,3.578125,0.00020682811737060547,0.0258026123046875,0.0011930465698242188,0.0015897750854492188,0.00011557340621948242,1.9669532775878906e-06,0.0007658004760742188,0.10479736328125,6.16312026977539e-05,0.00011157989501953125,0.001659393310546875,0.00173187255859375,1.1920928955078125e-07,0.0024089813232421875,0.00010901689529418945,0.0008087158203125,0.06988525390625,0.78857421875,7.808208465576172e-06,8.654594421386719e-05
6vpcE,E,83,T83N,0.99951171875,0.99951171875,5.602836608886719e-06,9.3671875,-2.7265625,5.960464477539063e-08,1.9669532775878906e-06,0.00037670135498046875,2.980232238769531e-07,0.0,1.3113021850585938e-06,1.1920928955078125e-07,2.5093555450439453e-05,0.0,1.9073486328125e-06,3.5762786865234375e-07,0.99951171875,0.0,5.364418029785156e-07,5.960464477539062e-07,1.4901161193847656e-06,5.602836608886719e-06,1.0132789611816406e-06,5.960464477539063e-08,0.0
6vpcE,E,84,F84I,0.2222900390625,0.2222900390625,0.01922607421875,0.8427734375,-1.60546875,0.004619598388671875,0.01393890380859375,0.2166748046875,0.066650390625,0.01922607421875,0.00019216537475585938,0.11639404296875,0.2222900390625,0.032257080078125,0.005443572998046875,0.00199127197265625,0.0308685302734375,1.6689300537109375e-06,0.023529052734375,0.0311126708984375,0.012725830078125,0.0135650634765625,0.129150390625,0.019561767578125,0.039825439453125
6vpcE,E,85,E85E,0.0,0.87353515625,0.87353515625,5.546875,5.546875,0.06402587890625,0.0008187294006347656,0.0025005340576171875,0.87353515625,5.960464477539062e-07,7.152557373046875e-07,2.0325183868408203e-05,2.682209014892578e-06,7.873773574829102e-05,1.0073184967041016e-05,0.0011196136474609375,0.0003535747528076172,1.0132789611816406e-06,0.052276611328125,0.00018775463104248047,0.004657745361328125,0.00020706653594970703,8.821487426757812e-06,4.172325134277344e-07,3.4570693969726562e-06
6vpcE,E,86,P86P,0.0,1.0,1.0,14.765625,14.765625,0.0,0.0,0.0,0.0,0.0,8.344650268554688e-07,0.0,0.0,0.0,0.0,0.0,0.0,1.0,0.0,0.0,0.0,0.0,5.960464477539063e-08,0.0,0.0
6vpcE,E,87,C87T,0.61962890625,0.61962890625,0.09521484375,4.1015625,2.228515625,0.0005540847778320312,0.09521484375,0.007671356201171875,0.0005288124084472656,0.0018596649169921875,0.0002149343490600586,0.00109100341796875,4.1604042053222656e-05,0.0005254745483398438,0.00016319751739501953,0.00034880638122558594,0.010772705078125,1.3709068298339844e-06,0.0003764629364013672,0.0004208087921142578,0.25927734375,0.61962890625,5.8650970458984375e-05,0.0002627372741699219,0.0008668899536132812
6vpcE,E,88,V88V,0.0,0.50439453125,0.50439453125,2.849609375,2.849609375,0.0037384033203125,0.00010120868682861328,0.0027294158935546875,0.0276947021484375,0.0169219970703125,1.4483928680419922e-05,0.00324249267578125,0.2496337890625,0.010345458984375,0.0494384765625,0.005176544189453125,0.0008339881896972656,7.092952728271484e-06,0.0088958740234375,0.017181396484375,0.0031108856201171875,0.07049560546875,0.50439453125,0.006908416748046875,0.019439697265625
6vpcE,E,89,M89L,0.1375732421875,0.1375732421875,0.0645751953125,0.28173828125,-0.475341796875,0.058197021484375,0.00205230712890625,0.04815673828125,0.0261993408203125,0.09466552734375,0.038604736328125,0.019989013671875,0.0254669189453125,0.0341796875,0.1375732421875,0.0645751953125,0.0290374755859375,0.00021505355834960938,0.030548095703125,0.1083984375,0.04010009765625,0.0789794921875,0.03680419921875,0.004726409912109375,0.12158203125
6vpcE,E,90,C90E,0.751953125,0.751953125,0.00470733642578125,4.58203125,-0.49169921875,0.059967041015625,0.00470733642578125,0.006732940673828125,0.751953125,5.245208740234375e-06,0.0012722015380859375,0.000629425048828125,3.0994415283203125e-06,4.1484832763671875e-05,4.595518112182617e-05,0.0020694732666015625,0.0018663406372070312,1.0132789611816406e-06,0.12066650390625,6.258487701416016e-05,0.04962158203125,0.0001512765884399414,3.933906555175781e-06,2.008676528930664e-05,1.1682510375976562e-05
6vpcE,E,91,A91C,0.86181640625,0.86181640625,0.0653076171875,4.82421875,2.244140625,0.0653076171875,0.86181640625,2.8073787689208984e-05,0.00026535987854003906,2.384185791015625e-07,0.00909423828125,7.68899917602539e-06,2.980232238769531e-07,1.3709068298339844e-05,3.504753112792969e-05,0.005626678466796875,0.0006265640258789062,5.066394805908203e-06,0.001071929931640625,7.56978988647461e-05,0.055755615234375,0.00022876262664794922,1.8477439880371094e-06,5.364418029785156e-07,1.7881393432617188e-07
6vpcE,E,92,G92G,0.0,0.904296875,0.904296875,4.51953125,4.51953125,0.00019180774688720703,0.0005803108215332031,0.000720977783203125,0.0029468536376953125,0.0024623870849609375,0.904296875,0.01861572265625,0.00044226646423339844,0.0053558349609375,0.005565643310546875,0.00333404541015625,0.0302886962890625,3.337860107421875e-06,0.0089263916015625,0.01290130615234375,0.0006322860717773438,8.83340835571289e-05,0.00012117624282836914,0.0008058547973632812,0.0014743804931640625
6vpcE,E,93,A93N,0.2783203125,0.2783203125,0.051300048828125,1.4970703125,-0.1944580078125,0.051300048828125,0.00576019287109375,0.048309326171875,0.07574462890625,0.0035419464111328125,0.03570556640625,0.006000518798828125,0.0003452301025390625,0.0131988525390625,0.12042236328125,0.06988525390625,0.2783203125,8.761882781982422e-06,0.13037109375,0.08587646484375,0.06488037109375,0.0005736351013183594,0.0001036524772644043,0.00513458251953125,0.004467010498046875
6vpcE,E,94,M94M,0.0,0.47314453125,0.47314453125,2.396484375,2.396484375,0.0133056640625,0.46875,0.00023698806762695312,0.006481170654296875,0.0005254745483398438,0.0012712478637695312,0.00103759765625,0.0015659332275390625,6.711483001708984e-05,0.01141357421875,0.47314453125,0.00250244140625,6.616115570068359e-06,0.016387939453125,0.00013768672943115234,0.0010175704956054688,0.00010269880294799805,0.0005054473876953125,0.0008463859558105469,0.0006723403930664062
6vpcE,E,95,I95L,0.65185546875,0.65185546875,0.01129150390625,2.93359375,-1.1220703125,0.0007414817810058594,0.004978179931640625,0.0005922317504882812,0.0015058517456054688,0.0006527900695800781,1.0192394256591797e-05,0.00724029541015625,0.01129150390625,0.255126953125,0.65185546875,0.00908660888671875,0.0030536651611328125,1.1324882507324219e-06,0.01116943359375,0.0213623046875,0.0033740997314453125,0.0032634735107421875,0.0113372802734375,0.0017957687377929688,0.0015974044799804688
6vpcE,E,96,H96R,0.158447265625,0.158447265625,0.01922607421875,0.83984375,-1.26953125,0.1544189453125,0.0028972625732421875,0.07586669921875,0.126220703125,0.0084991455078125,0.00040531158447265625,0.01922607421875,0.0085296630859375,0.1546630859375,0.08251953125,0.032012939453125,0.0196685791015625,1.1026859283447266e-05,0.07403564453125,0.158447265625,0.0297698974609375,0.027008056640625,0.00872039794921875,0.00677490234375,0.010223388671875
6vpcE,E,97,S97A,0.97021484375,0.97021484375,0.028167724609375,7.62890625,4.08984375,0.97021484375,0.00014710426330566406,2.300739288330078e-05,3.039836883544922e-06,2.4199485778808594e-05,0.0015707015991210938,2.9265880584716797e-05,0.0,9.5367431640625e-07,6.556510925292969e-07,2.384185791015625e-06,1.7881393432617188e-05,7.748603820800781e-07,2.3245811462402344e-06,1.4901161193847656e-06,0.028167724609375,2.9206275939941406e-06,5.960464477539063e-08,8.64267349243164e-06,1.2695789337158203e-05
6vpcE,E,98,R98R,0.0,0.57861328125,0.57861328125,4.15625,4.15625,0.00011909008026123047,0.0005769729614257812,0.0002830028533935547,0.0104522705078125,0.00026226043701171875,0.0001571178436279297,0.00809478759765625,7.05718994140625e-05,0.375,0.0052490234375,0.00042891502380371094,0.007110595703125,0.0,0.0124359130859375,0.57861328125,0.0003733634948730469,0.0002551078796386719,0.00015842914581298828,8.64267349243164e-06,0.00045561790466308594
6vpcE,E,99,I99I,0.0,0.95361328125,0.95361328125,11.5390625,11.5390625,5.960464477539063e-08,1.7881393432617188e-07,0.0,0.0,5.960464477539063e-08,0.0,0.0,0.95361328125,0.0,1.627206802368164e-05,1.1324882507324219e-06,0.0,0.0,0.0,0.0,0.0,1.7285346984863281e-06,0.04638671875,0.0,0.0
6vpcE,E,100,G100G,0.0,0.9990234375,0.9990234375,8.5859375,8.5859375,4.649162292480469e-05,2.7418136596679688e-06,7.677078247070312e-05,6.127357482910156e-05,1.239776611328125e-05,0.9990234375,2.9742717742919922e-05,7.092952728271484e-06,7.396936416625977e-05,1.6570091247558594e-05,3.814697265625e-06,0.0001596212387084961,4.0531158447265625e-06,4.482269287109375e-05,4.774332046508789e-05,0.00010854005813598633,1.239776611328125e-05,2.3603439331054688e-05,3.2782554626464844e-06,1.3530254364013672e-05
6vpcE,E,101,R101S,0.2303466796875,0.2303466796875,0.2236328125,1.7392578125,1.7099609375,0.09393310546875,0.004573822021484375,0.00328826904296875,0.104736328125,0.00021398067474365234,0.00047469139099121094,0.001529693603515625,0.01141357421875,0.1973876953125,0.0097198486328125,0.00888824462890625,0.002025604248046875,7.152557373046875e-07,0.054168701171875,0.2236328125,0.2303466796875,0.019256591796875,0.033447265625,0.0005016326904296875,0.00038433074951171875
6vpcE,E,102,V102V,0.0,0.79296875,0.79296875,2.7890625,2.7890625,0.0276947021484375,0.026397705078125,0.0002639293670654297,0.0011157989501953125,0.01593017578125,3.3020973205566406e-05,0.01198577880859375,0.0323486328125,8.052587509155273e-05,0.036041259765625,0.00872802734375,0.00034165382385253906,3.874301910400391e-06,0.0008068084716796875,0.0002321004867553711,0.0031299591064453125,0.01336669921875,0.79296875,0.00624847412109375,0.0221099853515625
6vpcE,E,103,V103V,0.0,0.34619140625,0.34619140625,1.5751953125,1.5751953125,0.01497650146484375,0.053619384765625,0.004894256591796875,0.018035888671875,0.0185546875,1.6391277313232422e-05,0.04876708984375,0.2139892578125,0.01983642578125,0.006664276123046875,0.0126953125,0.01184844970703125,1.9669532775878906e-06,0.02874755859375,0.043243408203125,0.0233154296875,0.054779052734375,0.34619140625,0.047210693359375,0.032623291015625
6vpcE,E,104,F104Y,0.85546875,0.85546875,0.1148681640625,6.18359375,4.17578125,0.00035071372985839844,0.0002963542938232422,8.314847946166992e-05,1.2159347534179688e-05,0.1148681640625,3.2842159271240234e-05,0.01398468017578125,4.410743713378906e-06,1.0013580322265625e-05,1.9729137420654297e-05,9.000301361083984e-06,6.73532485961914e-05,1.1324882507324219e-06,1.3828277587890625e-05,4.476308822631836e-05,0.0012693405151367188,0.0001653432846069336,5.257129669189453e-05,0.0135040283203125,0.85546875
6vpcE,E,105,G105G,0.0,0.480224609375,0.480224609375,4.109375,4.109375,0.07855224609375,0.0011472702026367188,0.0003986358642578125,0.0003566741943359375,1.8417835235595703e-05,0.480224609375,0.0003688335418701172,1.9311904907226562e-05,0.0004074573516845703,0.00010645389556884766,0.00018608570098876953,0.001529693603515625,4.2378902435302734e-05,0.00417327880859375,0.0037174224853515625,0.427978515625,0.000774383544921875,5.4836273193359375e-05,8.64267349243164e-06,1.2159347534179688e-05
6vpcE,E,106,V106V,0.0,0.70654296875,0.70654296875,2.705078125,2.705078125,0.04656982421875,0.01221466064453125,0.02227783203125,0.007663726806640625,0.0026378631591796875,5.8650970458984375e-05,0.005268096923828125,0.06890869140625,0.0131683349609375,0.01068115234375,0.0030670166015625,0.00963592529296875,3.36766242980957e-05,0.0178985595703125,0.0264129638671875,0.011138916015625,0.02288818359375,0.70654296875,0.00669097900390625,0.00646209716796875
6vpcE,E,107,R107G,0.94873046875,0.94873046875,0.006969451904296875,4.6875,-0.2264404296875,0.0028839111328125,0.0004127025604248047,0.003475189208984375,0.006252288818359375,0.0011262893676757812,0.94873046875,0.002471923828125,0.0009484291076660156,0.00528717041015625,0.000972747802734375,0.00013685226440429688,0.005229949951171875,0.0018053054809570312,0.00232696533203125,0.006969451904296875,0.0037517547607421875,0.0006952285766601562,0.0015821456909179688,0.0032291412353515625,0.0015726089477539062
6vpcE,E,108,N108D,0.7568359375,0.7568359375,0.1495361328125,3.763671875,2.142578125,0.00585174560546875,0.005954742431640625,0.7568359375,0.0030422210693359375,0.002384185791015625,8.165836334228516e-06,0.003887176513671875,1.0311603546142578e-05,0.0013456344604492188,0.0009636878967285156,0.00115966796875,0.1495361328125,5.066394805908203e-06,0.0015401840209960938,0.0179901123046875,0.04400634765625,0.0002739429473876953,1.3589859008789062e-05,0.0014581680297851562,0.0037860870361328125
6vpcE,E,109,S109A,0.246337890625,0.246337890625,0.07989501953125,1.5263671875,0.400146484375,0.246337890625,0.0009245872497558594,0.042724609375,0.130126953125,0.0034961700439453125,0.0006585121154785156,0.014739990234375,0.005901336669921875,0.1898193359375,0.0133514404296875,0.00421905517578125,0.0302886962890625,0.00923919677734375,0.0256805419921875,0.08477783203125,0.07989501953125,0.0816650390625,0.0308380126953125,0.0023899078369140625,0.0029506683349609375
6vpcE,E,110,K110E,0.20361328125,0.20361328125,0.0819091796875,1.2607421875,0.349853515625,0.0975341796875,0.0009813308715820312,0.1470947265625,0.20361328125,0.017486572265625,0.0001888275146484375,0.020782470703125,0.0027904510498046875,0.0819091796875,0.059539794921875,0.00609588623046875,0.0313720703125,3.331899642944336e-05,0.07135009765625,0.105224609375,0.0667724609375,0.053436279296875,0.005123138427734375,0.006072998046875,0.0225677490234375
6vpcE,E,111,R111Y,0.311767578125,0.311767578125,0.05908203125,1.638671875,-0.02508544921875,0.0140533447265625,0.005229949951171875,0.00994873046875,0.027069091796875,0.2093505859375,8.791685104370117e-05,0.0882568359375,0.001567840576171875,0.0301666259765625,0.04388427734375,0.003566741943359375,0.0316162109375,4.827976226806641e-06,0.0166778564453125,0.05908203125,0.01708984375,0.02471923828125,0.005481719970703125,0.10028076171875,0.311767578125
6vpcE,E,112,G112G,0.0,1.0,1.0,14.390625,14.390625,5.960464477539063e-08,5.960464477539063e-08,0.0,0.0,0.0,1.0,0.0,0.0,0.0,0.0,0.0,5.960464477539063e-08,1.1920928955078125e-07,0.0,0.0,2.384185791015625e-07,0.0,1.7881393432617188e-07,0.0,0.0
6vpcE,E,113,A113A,0.0,0.98388671875,0.98388671875,6.078125,6.078125,0.98388671875,0.00213623046875,0.0001277923583984375,1.3053417205810547e-05,0.00274658203125,1.537799835205078e-05,0.0009417533874511719,1.1920928955078125e-07,6.318092346191406e-06,2.473592758178711e-05,4.357099533081055e-05,0.00015747547149658203,2.205371856689453e-06,2.1755695343017578e-05,9.298324584960938e-06,0.00569915771484375,8.940696716308594e-07,2.980232238769531e-07,0.003025054931640625,0.0012407302856445312
6vpcE,E,114,A114A,0.0,0.873046875,0.873046875,3.119140625,3.119140625,0.873046875,0.07012939453125,0.0013570785522460938,0.0008101463317871094,0.0007729530334472656,0.0008292198181152344,0.00046706199645996094,0.0003285408020019531,1.5616416931152344e-05,0.002620697021484375,0.004421234130859375,0.0179595947265625,5.364418029785156e-06,0.0009341239929199219,3.1888484954833984e-05,0.0225067138671875,0.002193450927734375,0.0008339881896972656,0.00012040138244628906,0.0007581710815429688
6vpcE,E,115,G115G,0.0,1.0,1.0,14.0546875,14.0546875,0.0,0.0,5.960464477539063e-08,0.0,0.0,1.0,0.0,0.0,0.0,0.0,0.0,5.960464477539063e-08,5.960464477539063e-08,0.0,5.960464477539063e-08,5.960464477539063e-08,0.0,7.748603820800781e-07,0.0,0.0
6vpcE,E,116,S116S,0.0,0.90966796875,0.90966796875,4.96484375,4.96484375,0.0469970703125,0.00980377197265625,0.0116729736328125,0.0014095306396484375,0.0007123947143554688,0.0004820823669433594,0.00794219970703125,1.0728836059570312e-06,1.6391277313232422e-05,9.47713851928711e-06,0.00014638900756835938,0.00543975830078125,4.827976226806641e-06,0.0007886886596679688,6.67572021484375e-05,0.90966796875,0.0005927085876464844,3.2186508178710938e-06,0.00144195556640625,0.0026721954345703125
6vpcE,E,117,L117K,0.7783203125,0.7783203125,0.0144500732421875,4.5625,0.576171875,0.0184478759765625,0.0001773834228515625,0.0003275871276855469,0.00041413307189941406,0.0003440380096435547,2.205371856689453e-06,0.0005850791931152344,1.6748905181884766e-05,0.7783203125,0.0144500732421875,0.0015859603881835938,0.0017719268798828125,1.7881393432617188e-07,0.002536773681640625,0.1754150390625,0.0045928955078125,0.0003077983856201172,5.7578086853027344e-05,5.060434341430664e-05,0.0005092620849609375
6vpcE,E,118,M118T,0.6474609375,0.6474609375,0.03485107421875,3.03125,0.10919189453125,0.006011962890625,0.014373779296875,0.004673004150390625,0.17431640625,2.9802322387695312e-06,5.841255187988281e-06,3.701448440551758e-05,0.004138946533203125,0.01198577880859375,0.005626678466796875,0.03485107421875,0.0010223388671875,5.960464477539062e-07,0.0562744140625,0.00885009765625,0.02703857421875,0.6474609375,0.0031681060791015625,6.139278411865234e-06,4.827976226806641e-06
6vpcE,E,119,N119N,0.0,0.33349609375,0.33349609375,2.318359375,2.318359375,0.0032367706298828125,0.00218963623046875,0.195068359375,0.324462890625,0.009552001953125,0.0017290115356445312,0.0045166015625,0.0008459091186523438,0.0120391845703125,0.0022869110107421875,0.006099700927734375,0.33349609375,6.735324859619141e-06,0.0204620361328125,0.02398681640625,0.0202484130859375,0.0211334228515625,0.0025463104248046875,0.0030879974365234375,0.01308441162109375
6vpcE,E,120,V120V,0.0,0.80615234375,0.80615234375,5.4765625,5.4765625,4.315376281738281e-05,0.0010862350463867188,1.2874603271484375e-05,7.599592208862305e-05,0.0008940696716308594,5.960464477539063e-08,0.0003249645233154297,0.177490234375,0.00011658668518066406,0.00020062923431396484,0.0017900466918945312,7.128715515136719e-05,1.1920928955078125e-07,0.00022554397583007812,0.000522613525390625,0.0001430511474609375,0.01003265380859375,0.80615234375,0.000293731689453125,0.0003275871276855469
6vpcE,E,121,L121F,0.66162109375,0.66162109375,0.05859375,4.7265625,2.302734375,0.00024044513702392578,8.45789909362793e-05,1.3828277587890625e-05,1.0192394256591797e-05,0.66162109375,1.7881393432617188e-07,0.0019474029541015625,0.00011968612670898438,1.1861324310302734e-05,0.05859375,0.0016880035400390625,2.8789043426513672e-05,2.4437904357910156e-06,3.0517578125e-05,3.2067298889160156e-05,3.123283386230469e-05,9.888410568237305e-05,8.690357208251953e-05,0.053466796875,0.2220458984375
6vpcE,E,122,N122N,0.0,0.4580078125,0.4580078125,2.720703125,2.720703125,0.014892578125,0.0021572113037109375,0.30615234375,0.01529693603515625,0.00046133995056152344,0.0003650188446044922,0.0086212158203125,0.0007257461547851562,0.0167236328125,0.00641632080078125,0.001033782958984375,0.4580078125,1.33514404296875e-05,0.0211944580078125,0.044158935546875,0.07977294921875,0.0205230712890625,0.0017547607421875,0.00047588348388671875,0.0012836456298828125
6vpcE,E,123,Y123H,0.76025390625,0.76025390625,0.00039887428283691406,4.0859375,-3.466796875,0.0662841796875,0.000225067138671875,0.098388671875,0.0029296875,0.00031065940856933594,0.00012230873107910156,0.76025390625,4.178285598754883e-05,0.0021038055419921875,0.00027680397033691406,6.598234176635742e-05,0.03375244140625,3.2186508178710938e-06,0.002841949462890625,0.002231597900390625,0.0268096923828125,0.0028324127197265625,0.00010800361633300781,0.00010800361633300781,0.00039887428283691406
6vpcE,E,124,P124P,0.0,0.9990234375,0.9990234375,7.81640625,7.81640625,4.6133995056152344e-05,2.086162567138672e-06,0.0001646280288696289,7.003545761108398e-05,2.2292137145996094e-05,7.289648056030273e-05,2.9325485229492188e-05,2.2590160369873047e-05,0.00011646747589111328,2.6881694793701172e-05,9.5367431640625e-07,2.2649765014648438e-05,0.9990234375,1.2695789337158203e-05,4.3272972106933594e-05,0.00012302398681640625,9.781122207641602e-05,0.00014007091522216797,6.139278411865234e-06,4.827976226806641e-06
6vpcE,E,125,G125G,0.0,0.99267578125,0.99267578125,6.67578125,6.67578125,0.00018656253814697266,3.319978713989258e-05,0.0010080337524414062,0.0007190704345703125,0.0001385211944580078,0.99267578125,0.0002932548522949219,6.520748138427734e-05,0.0004820823669433594,0.00039124488830566406,3.331899642944336e-05,0.0009965896606445312,2.205371856689453e-06,0.000347137451171875,0.00038242340087890625,0.0012722015380859375,0.0007419586181640625,0.00011461973190307617,7.635354995727539e-05,0.00017821788787841797
6vpcE,E,126,M126S,0.34326171875,0.34326171875,0.003997802734375,2.138671875,-2.314453125,0.17724609375,0.0014200210571289062,0.004711151123046875,0.062042236328125,0.00010144710540771484,0.00051116943359375,0.00144195556640625,2.2530555725097656e-05,0.05816650390625,0.0009531974792480469,0.003997802734375,0.048614501953125,8.702278137207031e-06,0.17333984375,0.07354736328125,0.34326171875,0.049957275390625,0.0003695487976074219,2.282857894897461e-05,0.00013124942779541016
6vpcE,E,127,N127D,0.54150390625,0.54150390625,0.2288818359375,3.064453125,2.203125,0.0076446533203125,0.0009284019470214844,0.54150390625,0.0218505859375,0.003055572509765625,0.0008702278137207031,0.01143646240234375,0.0007619857788085938,0.023406982421875,0.007843017578125,0.0011920928955078125,0.2288818359375,0.00026297569274902344,0.01065826416015625,0.01514434814453125,0.06182861328125,0.057861328125,0.001850128173828125,0.0006089210510253906,0.0021533966064453125
6vpcE,E,128,H128Y,0.9833984375,0.9833984375,0.0021381378173828125,7.07421875,0.943359375,8.64267349243164e-06,1.1444091796875e-05,5.424022674560547e-06,6.794929504394531e-06,0.01300048828125,7.748603820800781e-07,0.0021381378173828125,0.00017917156219482422,1.2516975402832031e-05,1.33514404296875e-05,1.1324882507324219e-06,9.98377799987793e-05,0.0,3.814697265625e-06,0.00016176700592041016,8.64267349243164e-06,4.0650367736816406e-05,0.0007448196411132812,2.3186206817626953e-05,0.9833984375
6vpcE,E,129,R129S,0.21533203125,0.21533203125,0.1627197265625,1.345703125,1.0654296875,0.0303192138671875,0.002960205078125,0.040252685546875,0.04595947265625,0.015869140625,0.00026679039001464844,0.023712158203125,0.00418853759765625,0.144775390625,0.0576171875,0.00997161865234375,0.06842041015625,2.4437904357910156e-05,0.099365234375,0.1627197265625,0.21533203125,0.052581787109375,0.0078887939453125,0.0010557174682617188,0.0167388916015625
6vpcE,E,130,V130I,0.78271484375,0.78271484375,0.21728515625,9.578125,8.296875,1.1920928955078125e-07,1.4901161193847656e-06,0.0,5.960464477539063e-08,5.960464477539063e-08,0.0,0.0,0.78271484375,5.960464477539063e-08,7.063150405883789e-05,2.562999725341797e-06,5.960464477539063e-08,0.0,1.1920928955078125e-07,1.1920928955078125e-07,5.960464477539063e-08,2.676248550415039e-05,0.21728515625,5.960464477539063e-08,5.960464477539063e-08
6vpcE,E,131,E131E,0.0,0.27734375,0.27734375,1.98828125,1.98828125,0.098388671875,0.0012493133544921875,0.1258544921875,0.27734375,0.0027294158935546875,0.0017080307006835938,0.01396942138671875,9.232759475708008e-05,0.153076171875,0.0296630859375,0.0025539398193359375,0.061279296875,6.139278411865234e-06,0.09228515625,0.07342529296875,0.061248779296875,0.0016880035400390625,0.00023484230041503906,0.0009889602661132812,0.002262115478515625
6vpcE,E,132,I132V,0.50537109375,0.50537109375,0.480224609375,4.95703125,4.90625,2.7000904083251953e-05,0.0002760887145996094,0.000156402587890625,0.0006375312805175781,3.0040740966796875e-05,1.7881393432617188e-07,0.0004949569702148438,0.480224609375,0.003963470458984375,0.0015964508056640625,0.0001418590545654297,0.00013506412506103516,2.980232238769531e-07,0.0008683204650878906,0.0023937225341796875,0.00028324127197265625,0.003673553466796875,0.50537109375,3.0875205993652344e-05,2.8789043426513672e-05
6vpcE,E,133,T133G,0.6337890625,0.6337890625,0.01287078857421875,2.75390625,-1.142578125,0.0297393798828125,0.0032558441162109375,0.015777587890625,0.08184814453125,0.0009737014770507812,0.6337890625,0.0098724365234375,0.004848480224609375,0.03387451171875,0.00487518310546875,0.004123687744140625,0.01165008544921875,1.8298625946044922e-05,0.0223236083984375,0.05908203125,0.057159423828125,0.01287078857421875,0.01129150390625,0.00036025047302246094,0.002285003662109375
6vpcE,E,134,E134K,0.389404296875,0.389404296875,0.0296783447265625,2.232421875,-0.341796875,0.00791168212890625,0.00531005859375,0.0084991455078125,0.0296783447265625,0.006458282470703125,7.784366607666016e-05,0.1190185546875,0.004779815673828125,0.389404296875,0.0002837181091308594,0.0036296844482421875,0.026092529296875,1.4543533325195312e-05,0.05865478515625,0.1348876953125,0.1068115234375,0.0567626953125,0.01544189453125,0.0023937225341796875,0.023834228515625
6vpcE,E,135,G135G,0.0,1.0,1.0,13.8515625,13.8515625,0.0,0.0,1.1920928955078125e-06,5.960464477539063e-08,0.0,1.0,5.960464477539063e-08,0.0,5.960464477539063e-08,0.0,0.0,3.5762786865234375e-07,7.152557373046875e-07,0.0,5.960464477539063e-08,7.152557373046875e-07,0.0,1.1920928955078125e-07,0.0,0.0
6vpcE,E,136,I136V,0.46044921875,0.46044921875,0.350341796875,4.3203125,4.046875,8.803606033325195e-05,0.002166748046875,0.00017642974853515625,0.0001189112663269043,0.0017442703247070312,1.2516975402832031e-06,0.0010480880737304688,0.350341796875,2.002716064453125e-05,0.000507354736328125,0.0005035400390625,0.0007185935974121094,4.76837158203125e-07,0.00011390447616577148,5.1975250244140625e-05,0.00035858154296875,0.1796875,0.46044921875,0.00032830238342285156,0.0015802383422851562
6vpcE,E,137,L137L,0.0,0.86669921875,0.86669921875,3.37890625,3.37890625,0.0009927749633789062,0.00202178955078125,0.027923583984375,0.00711822509765625,0.0007996559143066406,1.52587890625e-05,0.0019588470458984375,0.00690460205078125,0.00638580322265625,0.86669921875,0.0256195068359375,0.019989013671875,3.635883331298828e-06,0.007534027099609375,0.0167083740234375,0.005245208740234375,0.0015172958374023438,0.0017328262329101562,3.981590270996094e-05,0.0009717941284179688
6vpcE,E,138,A138E,0.5234375,0.5234375,0.06451416015625,3.013671875,0.91943359375,0.06451416015625,0.0078887939453125,0.031524658203125,0.5234375,2.962350845336914e-05,0.004566192626953125,0.00019097328186035156,4.0650367736816406e-05,0.00432586669921875,5.346536636352539e-05,0.0011301040649414062,0.0136871337890625,0.0002682209014892578,0.026947021484375,0.0115966796875,0.256103515625,0.053009033203125,0.0002073049545288086,0.00018727779388427734,0.00011998414993286133
6vpcE,E,139,D139E,0.3349609375,0.3349609375,0.190673828125,2.541015625,1.9775390625,0.15966796875,0.0002015829086303711,0.190673828125,0.3349609375,0.0017309188842773438,0.00047969818115234375,0.0067596435546875,0.0008454322814941406,0.11126708984375,0.006420135498046875,0.001407623291015625,0.018463134765625,3.224611282348633e-05,0.0577392578125,0.025054931640625,0.031280517578125,0.04681396484375,0.0044708251953125,0.0001842975616455078,0.0013885498046875
6vpcE,E,140,E140E,0.0,0.54736328125,0.54736328125,2.6015625,2.6015625,0.1461181640625,0.00030732154846191406,0.0198211669921875,0.54736328125,0.001129150390625,0.00041365623474121094,0.0013275146484375,0.004726409912109375,0.06488037109375,0.0379638671875,0.004482269287109375,0.0024127960205078125,2.962350845336914e-05,0.04010009765625,0.0390625,0.03497314453125,0.045623779296875,0.006465911865234375,0.001178741455078125,0.001842498779296875
6vpcE,E,141,C141A,0.453857421875,0.453857421875,0.046356201171875,1.4013671875,-0.8798828125,0.453857421875,0.046356201171875,0.01087188720703125,0.0256195068359375,0.01023101806640625,0.00033020973205566406,0.0028133392333984375,0.007770538330078125,0.0032138824462890625,0.0012807846069335938,0.03179931640625,0.0341796875,4.684925079345703e-05,0.0360107421875,0.0262908935546875,0.058074951171875,0.031890869140625,0.1541748046875,0.056793212890625,0.0084991455078125
6vpcE,E,142,A142R,0.303955078125,0.303955078125,0.10052490234375,1.654296875,0.5478515625,0.10052490234375,0.0009732246398925781,0.0232391357421875,0.113525390625,0.0030879974365234375,0.0007610321044921875,0.00899505615234375,0.002651214599609375,0.1417236328125,0.037628173828125,0.01401519775390625,0.039031982421875,1.1622905731201172e-05,0.09130859375,0.303955078125,0.0228729248046875,0.08544921875,0.0026721954345703125,0.001495361328125,0.00597381591796875
6vpcE,E,143,A143E,0.2310791015625,0.2310791015625,0.17822265625,1.7412109375,1.4814453125,0.17822265625,0.0007772445678710938,0.10107421875,0.2310791015625,0.0008373260498046875,0.0005345344543457031,0.005260467529296875,0.0003190040588378906,0.1087646484375,0.0360107421875,0.006961822509765625,0.0565185546875,5.7220458984375e-06,0.110107421875,0.07647705078125,0.03936767578125,0.0455322265625,0.0003986358642578125,0.0007505416870117188,0.0010223388671875
6vpcE,E,144,L144L,0.0,0.8544921875,0.8544921875,4.04296875,4.04296875,0.00293731689453125,0.00020885467529296875,0.0004220008850097656,0.0016660690307617188,0.00030040740966796875,0.0002956390380859375,0.0003864765167236328,0.00170135498046875,0.0011272430419921875,0.8544921875,0.11407470703125,0.0014553070068359375,2.980232238769531e-07,0.005680084228515625,0.010772705078125,0.000614166259765625,0.00290679931640625,0.0006189346313476562,0.00030159950256347656,0.00010919570922851562
6vpcE,E,145,L145F,0.1724853515625,0.1724853515625,0.12042236328125,0.7900390625,0.4306640625,0.034149169921875,0.0013475418090820312,0.0565185546875,0.039154052734375,0.1724853515625,0.0017604827880859375,0.05084228515625,0.00201416015625,0.0260467529296875,0.12042236328125,0.03143310546875,0.040863037109375,1.1920928955078125e-05,0.032012939453125,0.0859375,0.01387786865234375,0.0174713134765625,0.0007648468017578125,0.1300048828125,0.142822265625
6vpcE,E,146,C146N,0.253662109375,0.253662109375,0.0016279220581054688,1.646484375,-3.40234375,0.063720703125,0.0016279220581054688,0.107421875,0.160400390625,0.00136566162109375,0.0068206787109375,0.019622802734375,0.0002161264419555664,0.09161376953125,0.043365478515625,0.0111846923828125,0.253662109375,2.9265880584716797e-05,0.1151123046875,0.0816650390625,0.02960205078125,0.00946807861328125,0.00023281574249267578,0.0011148452758789062,0.001712799072265625
6vpcE,E,147,D147A,0.318115234375,0.318115234375,0.0452880859375,1.7275390625,-0.222412109375,0.318115234375,0.0007371902465820312,0.0452880859375,0.11907958984375,0.005321502685546875,0.0009212493896484375,0.01264190673828125,0.000835418701171875,0.07891845703125,0.0848388671875,0.0089111328125,0.0188140869140625,1.2278556823730469e-05,0.09759521484375,0.09979248046875,0.07720947265625,0.02227783203125,0.0007233619689941406,0.0036296844482421875,0.004283905029296875
6vpcE,E,148,F148Y,0.70947265625,0.70947265625,0.2138671875,5.1953125,3.99609375,0.004398345947265625,0.0004153251647949219,0.00012564659118652344,5.501508712768555e-05,0.2138671875,6.258487701416016e-05,0.00942230224609375,2.5093555450439453e-05,0.00013196468353271484,7.176399230957031e-05,6.282329559326172e-05,0.0002665519714355469,2.2649765014648438e-06,0.00013768672943115234,0.0002770423889160156,0.0012836456298828125,0.00026035308837890625,0.0001150965690612793,0.059600830078125,0.70947265625
6vpcE,E,149,Y149L,0.2108154296875,0.2108154296875,0.053985595703125,0.96875,-0.393310546875,0.046630859375,0.005298614501953125,0.01409149169921875,0.03863525390625,0.1865234375,0.006450653076171875,0.059844970703125,0.059814453125,0.0501708984375,0.2108154296875,0.0229949951171875,0.0254974365234375,0.00018334388732910156,0.046051025390625,0.0548095703125,0.01806640625,0.021484375,0.062286376953125,0.0164794921875,0.053985595703125
