pdb,chain,auth_idx,mutation,mut_prob,model_prob,wt_prob,mut_logit,wt_logit,logit_ratio
OsPHR2,A,249,M249F,0.51611328125,0.51611328125,0.1324462890625,2.12109375,0.7607421875,1.9619140625
OsPHR2,A,250,R250I,0.1484375,0.1484375,0.051361083984375,0.429931640625,-0.6318359375,1.53125
OsPHR2,A,251,W251W,0.0,0.98974609375,0.98974609375,5.71484375,5.71484375,0.0
OsPHR2,A,252,T252T,0.0,0.880859375,0.880859375,4.27734375,4.27734375,0.0
OsPHR2,A,253,P253P,0.0,0.99755859375,0.99755859375,7.0234375,7.0234375,0.0
OsPHR2,A,254,E254E,0.0,0.62646484375,0.62646484375,2.841796875,2.841796875,0.0
OsPHR2,A,255,L255L,0.0,0.52197265625,0.52197265625,1.76953125,1.76953125,0.0
OsPHR2,A,256,H256E,0.228515625,0.228515625,0.0179901123046875,0.7255859375,-1.81640625,3.66796875
OsPHR2,A,257,E257E,0.0,0.189208984375,0.189208984375,0.60888671875,0.60888671875,0.0
OsPHR2,A,258,R258R,0.0,0.75634765625,0.75634765625,2.9453125,2.9453125,0.0
OsPHR2,A,259,F259F,0.0,0.9677734375,0.9677734375,4.26171875,4.26171875,0.0
OsPHR2,A,260,V260L,0.25146484375,0.25146484375,0.09783935546875,0.6572265625,-0.28662109375,1.3623046875
OsPHR2,A,261,D261E,0.3095703125,0.3095703125,0.0877685546875,1.060546875,-0.1995849609375,1.818359375
OsPHR2,A,262,A262A,0.0,0.97021484375,0.97021484375,10.0,10.0,0.0
OsPHR2,A,263,V263V,0.0,0.9677734375,0.9677734375,6.96484375,6.96484375,0.0
OsPHR2,A,264,N264E,0.2261962890625,0.2261962890625,0.07464599609375,1.0087890625,-0.0997314453125,1.5986328125
OsPHR2,A,265,L265E,0.407470703125,0.407470703125,0.0211029052734375,2.18359375,-0.77685546875,4.26953125
OsPHR2,A,266,L266A,0.8583984375,0.8583984375,0.0022563934326171875,2.87890625,-3.0625,8.5703125
OsPHR2,A,267,G267G,0.0,1.0,1.0,9.03125,9.03125,0.0
OsPHR2,A,268,G268G,0.0,1.0,1.0,11.3046875,11.3046875,0.0
OsPHR2,A,269,S269V,0.91845703125,0.91845703125,0.004276275634765625,2.515625,-2.853515625,7.74609375
OsPHR2,A,270,E270E,0.0,0.1865234375,0.1865234375,0.0160980224609375,0.0160980224609375,0.0
OsPHR2,A,271,K271K,0.0,0.443359375,0.443359375,1.9033203125,1.9033203125,0.0
OsPHR2,A,272,A272A,0.0,0.99951171875,0.99951171875,10.3203125,10.3203125,0.0
OsPHR2,A,273,T273T,0.0,0.5625,0.5625,2.78125,2.78125,0.0
OsPHR2,A,274,P274P,0.0,0.99951171875,0.99951171875,9.3515625,9.3515625,0.0
OsPHR2,A,275,K275E,0.2548828125,0.2548828125,0.035736083984375,0.70166015625,-1.2626953125,2.833984375
OsPHR2,A,276,G276G,0.0,0.64599609375,0.64599609375,2.68359375,2.68359375,0.0
OsPHR2,A,277,V277V,0.0,0.9560546875,0.9560546875,7.24609375,7.24609375,0.0
OsPHR2,A,278,L278L,0.0,0.998046875,0.998046875,6.9921875,6.9921875,0.0
OsPHR2,A,279,K279A,0.339599609375,0.339599609375,0.050048828125,1.6826171875,-0.231689453125,2.76171875
OsPHR2,A,280,L280R,0.7490234375,0.7490234375,0.03057861328125,3.021484375,-0.17724609375,4.61328125
OsPHR2,A,281,M281M,0.0,0.97021484375,0.97021484375,3.95703125,3.95703125,0.0
OsPHR2,A,282,K282N,0.2529296875,0.2529296875,0.186767578125,1.095703125,0.79248046875,0.437744140625
OsPHR2,A,283,A283L,0.404296875,0.404296875,0.03155517578125,0.81982421875,-1.73046875,3.6796875
OsPHR2,A,284,D284E,0.237548828125,0.237548828125,0.10504150390625,0.78955078125,-0.026123046875,1.177734375
OsPHR2,A,285,N285N,0.0,0.2900390625,0.2900390625,2.369140625,2.369140625,0.0
OsPHR2,A,286,L286L,0.0,0.72119140625,0.72119140625,3.025390625,3.025390625,0.0
OsPHR2,A,287,T287T,0.0,0.58349609375,0.58349609375,3.20703125,3.20703125,0.0
OsPHR2,A,288,I288L,0.77978515625,0.77978515625,0.150146484375,3.265625,1.6181640625,2.376953125
OsPHR2,A,289,Y289E,0.459228515625,0.459228515625,0.0108642578125,1.8232421875,-1.9208984375,5.40234375
OsPHR2,A,290,H290H,0.0,0.9775390625,0.9775390625,5.3046875,5.3046875,0.0
OsPHR2,A,291,V291V,0.0,0.97216796875,0.97216796875,8.6484375,8.6484375,0.0
OsPHR2,A,292,K292T,0.5107421875,0.5107421875,0.0843505859375,1.6640625,-0.13720703125,2.59765625
OsPHR2,A,293,S293A,0.2186279296875,0.2186279296875,0.08624267578125,0.451171875,-0.479248046875,1.341796875
OsPHR2,A,294,H294R,0.82666015625,0.82666015625,0.009521484375,3.0390625,-1.4248046875,6.44140625
OsPHR2,A,295,L295L,0.0,0.99951171875,0.99951171875,8.515625,8.515625,0.0
OsPHR2,A,296,Q296A,0.292236328125,0.292236328125,0.07891845703125,0.7880859375,-0.52099609375,1.888671875
OsPHR2,A,297,K297A,0.379638671875,0.379638671875,0.04522705078125,1.5947265625,-0.533203125,3.068359375
OsPHR2,A,298,Y298L,0.492919921875,0.492919921875,0.08343505859375,0.64892578125,-1.126953125,2.5625
OsPHR2,A,299,R299R,0.0,0.99365234375,0.99365234375,5.66015625,5.66015625,0.0
OsPHR2,A,300,T300E,0.321044921875,0.321044921875,0.01091766357421875,1.376953125,-2.00390625,4.87890625
OsPHR2,A,301,A301A,0.0,0.5546875,0.5546875,2.4453125,2.4453125,0.0
OsPHR2,A,302,R302A,0.133056640625,0.133056640625,0.1282958984375,0.180908203125,0.14404296875,0.052581787109375
